1754006400000000,17485886.00000000,17501232.00000000,17268929.00000000,17425368.00000000,5.54506100,1754009999999999,96553069.02705600,1114,3.60721200,62827092.70414700,0
1754010000000000,17420818.00000000,17458750.00000000,17305437.00000000,17424696.00000000,4.24268700,1754013599999999,73761901.91911300,1088,2.49430800,43379486.07795800,0
1754013600000000,17424695.00000000,17520537.00000000,17411925.00000000,17513542.00000000,3.15955800,1754017199999999,55218519.64196900,583,0.97227200,16995108.81506900,0
1754017200000000,17516720.00000000,17522047.00000000,17446048.00000000,17451449.00000000,5.09778200,1754020799999999,89208777.49055300,753,3.45514000,60467064.51231000,0
1754020800000000,17451563.00000000,17469572.00000000,17402005.00000000,17469145.00000000,6.84187800,1754024399999999,119358365.01149900,540,4.82502900,84182338.94519000,0
1754024400000000,17466111.00000000,17500092.00000000,17411314.00000000,17428930.00000000,9.07905000,1754027999999999,158481531.68303500,905,4.83038900,84329225.19482200,0
1754028000000000,17429034.00000000,17445461.00000000,17365168.00000000,17380819.00000000,8.25072700,1754031599999999,143472898.59212600,941,3.69512100,64238847.21122100,0
1754031600000000,17380809.00000000,17398411.00000000,17288630.00000000,17351271.00000000,3.36995600,1754035199999999,58429377.61074800,504,1.46349200,25374253.62574900,0
1754035200000000,17344787.00000000,17344787.00000000,17210497.00000000,17288908.00000000,3.40708600,1754038799999999,58855768.77033700,798,1.70555900,29450812.37487300,0
1754038800000000,17287684.00000000,17381883.00000000,17281701.00000000,17315881.00000000,1.75618400,1754042399999999,30459859.31877800,355,0.70911800,12296001.61955000,0
1754042400000000,17326106.00000000,17355942.00000000,17260497.00000000,17263764.00000000,2.30756600,1754045999999999,39909466.61290900,452,1.43704500,24847957.47800400,0
1754046000000000,17263764.00000000,17377260.00000000,17248844.00000000,17377231.00000000,2.15813700,1754049599999999,37328044.52837700,440,1.03754000,17923912.08094200,0
1754049600000000,17377231.00000000,17407445.00000000,17240293.00000000,17244960.00000000,5.82487400,1754053199999999,100968669.52858700,944,3.95852000,68608986.74464200,0
1754053200000000,17241236.00000000,17241236.00000000,16957428.00000000,16977115.00000000,11.66424500,1754056799999999,199646341.16881200,1887,5.95521500,102014160.18936500,0
1754056800000000,16978480.00000000,17204799.00000000,16883748.00000000,17155955.00000000,13.05987400,1754060399999999,222835947.23111800,2277,6.50250000,111023190.28002700,0
1754060400000000,17157100.00000000,17161572.00000000,17000001.00000000,17109221.00000000,6.42054000,1754063999999999,109408241.73067800,922,4.38369900,74664960.74133700,0
1754064000000000,17109720.00000000,17152873.00000000,17013130.00000000,17036788.00000000,1.46317200,1754067599999999,25005419.51952900,403,0.59109200,10101399.46591300,0
1754067600000000,17038643.00000000,17053623.00000000,16947058.00000000,16950051.00000000,1.17162700,1754071199999999,19908041.01836900,440,0.59678500,10143585.46173300,0
1754071200000000,16957544.00000000,16965311.00000000,16843630.00000000,16861826.00000000,2.43694500,1754074799999999,41154100.46423400,624,1.29644000,21897216.16572600,0
1754074800000000,16856560.00000000,16870721.00000000,16720623.00000000,16734412.00000000,3.38871600,1754078399999999,56870469.60732900,869,1.85173700,31082343.96487300,0
1754078400000000,16732303.00000000,16834508.00000000,16708969.00000000,16834508.00000000,2.92821200,1754081999999999,49063028.64954500,681,1.20485700,20192569.07974500,0
1754082000000000,16835744.00000000,16851969.00000000,16801405.00000000,16833076.00000000,1.06356600,1754085599999999,17899621.80714700,300,0.50107400,8433189.14160400,0
1754085600000000,16832255.00000000,16834492.00000000,16639454.00000000,16712749.00000000,6.66542500,1754089199999999,111373378.41003900,1258,3.82499500,63903063.67227000,0
1754089200000000,16699569.00000000,16760174.00000000,16669504.00000000,16720620.00000000,3.73681300,1754092799999999,62500193.69695200,683,2.43748500,40776669.70404200,0
1754092800000000,16721382.00000000,16794692.00000000,16708433.00000000,16793229.00000000,1.27788600,1754096399999999,21407217.63840400,389,0.49100000,8223030.29836000,0
1754096400000000,16799159.00000000,16810198.00000000,16742996.00000000,16787553.00000000,3.13999600,1754099999999999,52672152.95451300,502,2.66400400,44687467.78454500,0
1754100000000000,16787553.00000000,16806067.00000000,16776070.00000000,16797917.00000000,1.63220200,1754103599999999,27407068.31362500,357,1.28409900,21561732.28892800,0
1754103600000000,16802184.00000000,16830257.00000000,16802184.00000000,16829261.00000000,1.56487300,1754107199999999,26322371.52296500,189,0.69714700,11726740.68014900,0
1754107200000000,16829371.00000000,16856021.00000000,16821387.00000000,16853473.00000000,1.68986500,1754110799999999,28457404.36625300,211,1.36410400,22973698.33268400,0
1754110800000000,16853473.00000000,16860648.00000000,16840215.00000000,16848704.00000000,5.24182000,1754114399999999,88360455.06219300,384,1.78631800,30112127.21826400,0
1754114400000000,16848704.00000000,16848704.00000000,16779115.00000000,16810426.00000000,3.70598000,1754117999999999,62301749.80448500,507,1.13259600,19046966.33549600,0
1754118000000000,16810212.00000000,16852885.00000000,16795942.00000000,16852565.00000000,1.99726700,1754121599999999,33604212.10364000,364,0.84751300,14261655.87791700,0
1754121600000000,16850046.00000000,16851867.00000000,16797630.00000000,16798300.00000000,2.14840600,1754125199999999,36119318.49959300,323,1.40807400,23665272.82426700,0
1754125200000000,16806068.00000000,16816991.00000000,16780001.00000000,16793753.00000000,0.19099600,1754128799999999,3206912.94461700,117,0.07300800,1225496.94088400,0
1754128800000000,16793176.00000000,16794746.00000000,16758912.00000000,16770887.00000000,0.82924400,1754132399999999,13911628.01250800,200,0.43095000,7227419.10133200,0
1754132400000000,16778113.00000000,16821604.00000000,16757429.00000000,16806041.00000000,0.52050100,1754135999999999,8738093.37673800,240,0.34201200,5739791.48892000,0
1754136000000000,16806039.00000000,16806494.00000000,16781300.00000000,16789648.00000000,0.46148900,1754139599999999,7748672.32013000,152,0.25143700,4221540.17342200,0
1754139600000000,16786648.00000000,16787246.00000000,16728388.00000000,16762902.00000000,0.97720200,1754143199999999,16369124.49675200,224,0.55564500,9309397.12406800,0
1754143200000000,16761240.00000000,16772387.00000000,16688960.00000000,16710264.00000000,1.68567400,1754146799999999,28206628.37059300,391,1.11744600,18704129.35746900,0
1754146800000000,16708453.00000000,16750128.00000000,16662882.00000000,16668588.00000000,1.31334700,1754150399999999,21942587.21803000,418,0.72847300,12174458.29425300,0
1754150400000000,16668577.00000000,16722516.00000000,16653425.00000000,16707381.00000000,0.92982000,1754153999999999,15511396.28368500,371,0.63866200,10654033.86225700,0
1754154000000000,16712076.00000000,16742679.00000000,16624888.00000000,16647711.00000000,2.22727300,1754157599999999,37201340.57623100,423,1.20065900,20060193.73531000,0
1754157600000000,16648656.00000000,16674024.00000000,16550559.00000000,16585236.00000000,1.83470200,1754161199999999,30474024.22380300,762,1.25040500,20769323.79509900,0
1754161200000000,16584949.00000000,16670399.00000000,16539936.00000000,16579800.00000000,1.88112800,1754164799999999,31228384.93742200,665,0.75889600,12593530.88417900,0
1754164800000000,16578678.00000000,16650468.00000000,16555397.00000000,16650468.00000000,0.95924500,1754168399999999,15910682.45632400,403,0.43620800,7234782.24236200,0
1754168400000000,16652280.00000000,16695767.00000000,16627629.00000000,16670400.00000000,0.59489800,1754171999999999,9912402.27608200,373,0.43318300,7219542.08865700,0
1754172000000000,16669491.00000000,16688730.00000000,16622681.00000000,16666777.00000000,0.79430600,1754175599999999,13224976.82176900,360,0.49949500,8313705.43174300,0
1754175600000000,16666776.00000000,16666776.00000000,16583425.00000000,16613627.00000000,2.28022300,1754179199999999,37901100.51939500,626,0.87956600,14616001.97768300,0
1754179200000000,16616040.00000000,16665633.00000000,16533931.00000000,16663131.00000000,2.08845400,1754182799999999,34740205.00283700,686,0.54267400,9018602.12514300,0
1754182800000000,16663152.00000000,16712216.00000000,16650312.00000000,16697177.00000000,2.25260200,1754186399999999,37604448.32885800,635,1.68995300,28217488.96385300,0
1754186400000000,16701204.00000000,16768094.00000000,16701204.00000000,16768094.00000000,2.42298700,1754189999999999,40545130.52066600,456,2.07998300,34800399.16237000,0
1754190000000000,16768087.00000000,16802454.00000000,16759274.00000000,16786368.00000000,0.93974400,1754193599999999,15758844.99649400,214,0.70931900,11893768.33418800,0
1754193600000000,16784556.00000000,16784556.00000000,16737974.00000000,16752860.00000000,0.55814000,1754197199999999,9352603.22790300,279,0.36189800,6064409.78458800,0
1754197200000000,16751416.00000000,16783222.00000000,16744692.00000000,16783013.00000000,0.42923400,1754200799999999,7197436.96475500,255,0.19323400,3240909.87252500,0
1754200800000000,16783013.00000000,16784910.00000000,16769000.00000000,16774542.00000000,1.01159800,1754204399999999,16968974.99720600,273,0.78059200,13094377.80114800,0
1754204400000000,16775000.00000000,16803937.00000000,16775000.00000000,16801059.00000000,0.91568500,1754207999999999,15379387.17122800,250,0.59334700,9964654.33212300,0
1754208000000000,16802676.00000000,16821539.00000000,16785709.00000000,16801392.00000000,2.48128400,1754211599999999,41714304.84743100,387,1.37913400,23182268.76204600,0
1754211600000000,16801539.00000000,16804488.00000000,16792623.00000000,16801549.00000000,0.99617100,1754215199999999,16736817.54208800,191,0.27414500,4605839.99890300,0
1754215200000000,16800844.00000000,16834470.00000000,16800826.00000000,16834470.00000000,1.11997200,1754218799999999,18834555.03346400,211,0.51519500,8664075.28802400,0
1754218800000000,16835292.00000000,16890274.00000000,16835292.00000000,16840005.00000000,2.65489700,1754222399999999,44779451.48400900,436,1.93133600,32572737.50107900,0
1754222400000000,16840585.00000000,16856769.00000000,16802676.00000000,16850000.00000000,1.36931500,1754225999999999,23043946.44034000,382,0.87500700,14723270.69728100,0
1754226000000000,16850433.00000000,16858847.00000000,16823616.00000000,16834791.00000000,1.21127600,1754229599999999,20394407.58219800,284,0.63953800,10765566.78711100,0
1754229600000000,16835292.00000000,16849595.00000000,16786368.00000000,16808068.00000000,1.00122100,1754233199999999,16836685.02471800,346,0.34919000,5872843.45745500,0
1754233200000000,16806300.00000000,16831479.00000000,16789985.00000000,16831479.00000000,2.13448700,1754236799999999,35874979.31361000,379,1.01050100,16980505.61818800,0
1754236800000000,16831478.00000000,16831942.00000000,16809462.00000000,16831668.00000000,2.27228400,1754240399999999,38222388.60986000,212,1.93593100,32562878.59290300,0
1754240400000000,16831668.00000000,16856667.00000000,16831668.00000000,16852145.00000000,1.00286700,1754243999999999,16892989.90411300,151,0.66185200,11147596.75860200,0
1754244000000000,16852390.00000000,16897655.00000000,16847122.00000000,16887840.00000000,1.35976300,1754247599999999,22950608.81862300,324,0.72833900,12291970.38502300,0
1754247600000000,16888238.00000000,16945824.00000000,16874174.00000000,16878780.00000000,0.72855300,1754251199999999,12320930.47815700,364,0.36006400,6089886.76978200,0
1754251200000000,16878903.00000000,16900524.00000000,16857112.00000000,16896901.00000000,0.44578000,1754254799999999,7520878.69500200,200,0.37139600,6265760.49811100,0
1754254800000000,16896900.00000000,16901289.00000000,16875240.00000000,16886029.00000000,1.26133900,1754258399999999,21299736.51481800,262,0.74329800,12551384.85046100,0
1754258400000000,16886028.00000000,16894386.00000000,16825952.00000000,16862481.00000000,3.12078300,1754261999999999,52593348.46839700,669,0.83029200,13998814.04126700,0
1754262000000000,16862481.00000000,16890294.00000000,16842541.00000000,16855224.00000000,1.24713600,1754265599999999,21026948.17611000,412,0.72956200,12297966.43296400,0
1754265600000000,16855502.00000000,16991347.00000000,16855502.00000000,16990652.00000000,2.66175000,1754269199999999,45045623.86681200,641,1.52090700,25742475.82757000,0
1754269200000000,16991347.00000000,17027361.00000000,16968772.00000000,16982064.00000000,2.12638200,1754272799999999,36135435.19998500,698,1.19531100,20311661.27917100,0
1754272800000000,16981538.00000000,17006930.00000000,16932447.00000000,17005620.00000000,1.52804300,1754276399999999,25931145.41589700,510,1.07246100,18198303.41243300,0
1754276400000000,17005639.00000000,17005639.00000000,16957553.00000000,16967995.00000000,2.68264900,1754279999999999,45539317.80432900,399,1.32067300,22423963.72910200,0
1754280000000000,16967640.00000000,16974635.00000000,16931524.00000000,16944072.00000000,10.49013500,1754283599999999,177829283.88399100,904,8.69811300,147445678.16685000,0
1754283600000000,16944839.00000000,16957787.00000000,16921244.00000000,16953197.00000000,4.74333800,1754287199999999,80352474.03940200,509,3.59022400,60820510.52990300,0
1754287200000000,16953072.00000000,16962473.00000000,16912996.00000000,16931387.00000000,7.40373100,1754290799999999,125359686.35324200,551,5.16567100,87456892.04842100,0
1754290800000000,16931447.00000000,17029086.00000000,16931447.00000000,16998954.00000000,1.58141800,1754294399999999,26844764.04020500,472,0.83101500,14097499.64546700,0
1754294400000000,16998372.00000000,17021674.00000000,16972348.00000000,16980363.00000000,1.82954100,1754297999999999,31095669.93892300,332,1.21138500,20587460.44717000,0
1754298000000000,16983876.00000000,16992328.00000000,16930927.00000000,16933456.00000000,1.43950600,1754301599999999,24413116.78822400,277,0.21845200,3709049.03427400,0
1754301600000000,16935147.00000000,16958507.00000000,16898058.00000000,16899259.00000000,0.94843600,1754305199999999,16065135.59740600,346,0.41211800,6980572.62439400,0
1754305200000000,16898713.00000000,16915657.00000000,16882404.00000000,16910405.00000000,2.36847100,1754308799999999,40027858.28442600,461,0.82218500,13894176.29048700,0
1754308800000000,16909948.00000000,16912154.00000000,16848256.00000000,16873441.00000000,1.79741800,1754312399999999,30327352.99092700,388,1.14388000,19291860.30657900,0
1754312400000000,16874872.00000000,16933665.00000000,16816901.00000000,16932233.00000000,4.18127000,1754315999999999,70566059.78370800,891,2.16329200,36500417.68840800,0
1754316000000000,16932652.00000000,17003153.00000000,16907605.00000000,16916051.00000000,4.77125400,1754319599999999,80954958.53424000,1047,1.94387100,32995870.82858600,0
1754319600000000,16916787.00000000,16969964.00000000,16899603.00000000,16929408.00000000,2.26300600,1754323199999999,38319985.37395900,693,1.34699800,22807229.97147100,0
1754323200000000,16927792.00000000,17006253.00000000,16927792.00000000,16991108.00000000,1.42398300,1754326799999999,24157649.51334500,579,1.06995500,18150112.43553800,0
1754326800000000,16991105.00000000,17046455.00000000,16960280.00000000,16962071.00000000,1.81045100,1754330399999999,30788758.36641600,523,0.96135600,16348075.76736600,0
1754330400000000,16963562.00000000,16973992.00000000,16921509.00000000,16928932.00000000,0.91444600,1754333999999999,15503610.83400200,331,0.65036600,11026136.67336700,0
1754334000000000,16927239.00000000,16947454.00000000,16897461.00000000,16907142.00000000,0.98130300,1754337599999999,16603412.22673200,409,0.37245000,6304606.56348400,0
1754337600000000,16904657.00000000,16952110.00000000,16886659.00000000,16921768.00000000,0.88040600,1754341199999999,14894373.78677300,406,0.51838800,8765539.81995900,0
1754341200000000,16921629.00000000,16983594.00000000,16921629.00000000,16964629.00000000,0.66880600,1754344799999999,11335497.91183700,286,0.38090500,6455781.57395700,0
1754344800000000,16965935.00000000,16977713.00000000,16943226.00000000,16975711.00000000,0.56311500,1754348399999999,9554107.56659300,321,0.41460400,7034422.96294900,0
1754348400000000,16975703.00000000,16977587.00000000,16921641.00000000,16921641.00000000,1.87062200,1754351999999999,31711351.13796600,330,0.47265300,8008287.92001900,0
1754352000000000,16921641.00000000,16946124.00000000,16896556.00000000,16911778.00000000,3.00304500,1754355599999999,50793084.39417200,608,2.02977000,34328696.29682100,0
1754355600000000,16910390.00000000,16950813.00000000,16899701.00000000,16901443.00000000,5.54987300,1754359199999999,93944137.54066500,812,3.44213500,58268120.04122000,0
1754359200000000,16901614.00000000,16941737.00000000,16896207.00000000,16924007.00000000,7.62550500,1754362799999999,128999456.28431700,818,5.41542400,91592210.00132200,0
1754362800000000,16924360.00000000,16930284.00000000,16858005.00000000,16860066.00000000,18.97738500,1754366399999999,320456294.36973600,1587,11.53135900,194771715.13783500,0
1754366400000000,16861265.00000000,16880205.00000000,16843047.00000000,16853601.00000000,3.97193300,1754369999999999,66985298.36320800,524,2.33198400,39326180.59056400,0
1754370000000000,16853088.00000000,16884595.00000000,16850417.00000000,16877304.00000000,9.77148300,1754373599999999,164859998.90100700,894,7.09614700,119725769.69802200,0
1754373600000000,16876179.00000000,16885838.00000000,16843483.00000000,16853270.00000000,3.51854900,1754377199999999,59349670.44267900,422,0.67969400,11464184.65397200,0
1754377200000000,16852969.00000000,16870836.00000000,16781498.00000000,16823238.00000000,2.10806900,1754380799999999,35502144.43355700,490,0.73662900,12397017.94996600,0
1754380800000000,16823234.00000000,16912000.00000000,16813559.00000000,16886750.00000000,3.34152100,1754384399999999,56356651.77826300,419,2.39496600,40387148.25460000,0
1754384400000000,16889512.00000000,16968089.00000000,16889512.00000000,16954352.00000000,1.96632700,1754387999999999,33262094.24139200,296,1.39819400,23642861.04002500,0
1754388000000000,16959953.00000000,17019179.00000000,16948968.00000000,16974145.00000000,1.66863600,1754391599999999,28341932.51983500,358,0.88736700,15080720.03532000,0
1754391600000000,16977147.00000000,16994348.00000000,16959978.00000000,16969066.00000000,1.27092500,1754395199999999,21571031.75219800,303,0.94297600,16003947.50653100,0
1754395200000000,16967994.00000000,16981698.00000000,16787551.00000000,16848407.00000000,2.23000900,1754398799999999,37614696.17607900,932,1.22385600,20632934.58673500,0
1754398800000000,16848420.00000000,16934905.00000000,16841161.00000000,16918578.00000000,4.12382700,1754402399999999,69599478.75866000,854,2.54758700,42992940.34886700,0
1754402400000000,16918519.00000000,16918519.00000000,16618825.00000000,16670272.00000000,9.19287900,1754405999999999,153744697.58207600,2216,4.96710400,83039566.66316900,0
1754406000000000,16668065.00000000,16693615.00000000,16627273.00000000,16660349.00000000,4.26074000,1754409599999999,70967025.94783500,1034,2.54428900,42385625.63166200,0
1754409600000000,16653462.00000000,16724064.00000000,16646574.00000000,16708566.00000000,1.08237600,1754413199999999,18059545.09745700,464,0.68947500,11503185.84548400,0
1754413200000000,16710284.00000000,16788462.00000000,16696513.00000000,16788462.00000000,0.66078200,1754416799999999,11067611.74285200,372,0.37996000,6366835.09962800,0
1754416800000000,16787850.00000000,16790506.00000000,16735151.00000000,16787778.00000000,1.45253000,1754420399999999,24349341.83887900,651,0.75706300,12694449.58197900,0
1754420400000000,16789466.00000000,16805790.00000000,16758649.00000000,16788397.00000000,1.76461200,1754423999999999,29632645.06454100,473,1.08711200,18255420.53349400,0
1754424000000000,16789379.00000000,16837715.00000000,16766612.00000000,16792601.00000000,1.24324400,1754427599999999,20894854.54044500,401,0.92797900,15594850.77660500,0
1754427600000000,16792601.00000000,16820300.00000000,16784563.00000000,16789427.00000000,0.79601000,1754431199999999,13373497.04751700,263,0.23068000,3877505.64585200,0
1754431200000000,16789426.00000000,16839882.00000000,16743872.00000000,16832581.00000000,1.05829400,1754434799999999,17790645.37701700,526,0.59699900,10033156.55604800,0
1754434800000000,16833046.00000000,16877214.00000000,16831361.00000000,16858088.00000000,1.32734000,1754438399999999,22374911.81671600,384,0.73460100,12381432.80156700,0
1754438400000000,16858256.00000000,16858257.00000000,16794048.00000000,16818774.00000000,1.51604200,1754441999999999,25515246.61987700,447,0.62090500,10451042.42350000,0
1754442000000000,16817639.00000000,16844380.00000000,16799833.00000000,16835994.00000000,2.16846000,1754445599999999,36462186.20230600,584,0.70635900,11878520.93003800,0
1754445600000000,16834272.00000000,16837331.00000000,16789388.00000000,16801733.00000000,6.92276300,1754449199999999,116368220.42366500,849,4.34718700,73066709.64851000,0
1754449200000000,16802263.00000000,16805505.00000000,16750580.00000000,16767103.00000000,4.80902000,1754452799999999,80633898.19145100,750,3.04906100,51117727.18080600,0
1754452800000000,16765895.00000000,16768836.00000000,16737675.00000000,16752207.00000000,6.99267800,1754456399999999,117171226.07964600,596,4.37440200,73302836.08453300,0
1754456400000000,16751707.00000000,16906596.00000000,16746451.00000000,16869266.00000000,11.04408000,1754459999999999,186018154.43113600,1434,7.36651300,124056226.48848900,0
1754460000000000,16869266.00000000,16871513.00000000,16830828.00000000,16858380.00000000,3.13618700,1754463599999999,52841712.35898600,647,1.49297400,25151115.99935600,0
1754463600000000,16859092.00000000,16896951.00000000,16856658.00000000,16879051.00000000,1.86769100,1754467199999999,31525827.57438000,429,0.80753500,13629722.56256000,0
1754467200000000,16879050.00000000,16885029.00000000,16831199.00000000,16864915.00000000,1.37140000,1754470799999999,23128474.31051100,457,0.60455200,10190691.99691400,0
1754470800000000,16865786.00000000,16922092.00000000,16860239.00000000,16882743.00000000,0.96038900,1754474399999999,16216914.22386000,344,0.73229200,12367180.21467400,0
1754474400000000,16882743.00000000,16901856.00000000,16840724.00000000,16859778.00000000,0.95388900,1754477999999999,16094510.36052800,290,0.56831800,9594012.38220500,0
1754478000000000,16858557.00000000,16895400.00000000,16852188.00000000,16869672.00000000,0.76750000,1754481599999999,12945888.15667900,254,0.50222500,8470523.38437700,0
1754481600000000,16875274.00000000,16891511.00000000,16814335.00000000,16815540.00000000,0.84206500,1754485199999999,14194898.82095700,335,0.49347300,8317273.02843200,0
1754485200000000,16821142.00000000,16875979.00000000,16774996.00000000,16859429.00000000,2.18638100,1754488799999999,36783913.60085600,902,1.44869200,24376665.95737800,0
1754488800000000,16857907.00000000,16991351.00000000,16801924.00000000,16988244.00000000,2.62957100,1754492399999999,44385085.67472900,863,1.46261800,24700529.75857800,0
1754492400000000,16989626.00000000,17022346.00000000,16939622.00000000,17008038.00000000,5.54224700,1754495999999999,94139694.09336500,1014,3.44513700,58523051.51341900,0
1754496000000000,17014650.00000000,17019687.00000000,16951444.00000000,16976276.00000000,0.96980400,1754499599999999,16467926.46585500,384,0.44026400,7474150.34488200,0
1754499600000000,16978671.00000000,17019688.00000000,16960828.00000000,17015907.00000000,0.53020700,1754503199999999,9009790.46338700,309,0.43848700,7451825.06400700,0
1754503200000000,17017080.00000000,17039668.00000000,16964828.00000000,16987191.00000000,1.53074900,1754506799999999,26036235.67574600,513,0.74410000,12655162.56322500,0
1754506800000000,16987431.00000000,17003193.00000000,16957545.00000000,16973568.00000000,0.98301800,1754510399999999,16699584.19742600,304,0.66217600,11250505.94651000,0
1754510400000000,16974342.00000000,16980846.00000000,16953954.00000000,16969884.00000000,3.70824000,1754513999999999,62911978.03821700,553,1.88666100,32003825.82988000,0
1754514000000000,16969196.00000000,16992509.00000000,16935075.00000000,16962720.00000000,1.30398500,1754517599999999,22120814.40737600,281,1.06579600,18078087.18186200,0
1754517600000000,16962889.00000000,16974166.00000000,16955333.00000000,16961115.00000000,1.51802800,1754521199999999,25753237.34964500,313,1.00144800,16990573.22126500,0
1754521200000000,16960429.00000000,16960429.00000000,16936103.00000000,16944395.00000000,0.80080200,1754524799999999,13570734.26898900,337,0.46036500,7800573.84500100,0
1754524800000000,16943512.00000000,16965323.00000000,16938699.00000000,16965312.00000000,0.69199600,1754528399999999,11729452.34895300,344,0.54192700,9185375.40512600,0
1754528400000000,16965312.00000000,17009075.00000000,16929381.00000000,16953428.00000000,2.99875300,1754531999999999,50903849.55720800,616,1.49600400,25387356.14025100,0
1754532000000000,16953531.00000000,16967564.00000000,16914845.00000000,16947741.00000000,12.92616300,1754535599999999,219034036.99418700,1152,10.55769100,178881910.90483000,0
1754535600000000,16947739.00000000,16953243.00000000,16933105.00000000,16941105.00000000,8.87731000,1754539199999999,150431920.87003400,726,5.98096300,101357899.91676900,0
1754539200000000,16941105.00000000,16948941.00000000,16875835.00000000,16889384.00000000,6.31169900,1754542799999999,106826652.32134000,376,4.99279200,84515537.08654100,0
1754542800000000,16889383.00000000,16923059.00000000,16876347.00000000,16918704.00000000,9.54182000,1754546399999999,161225942.96892300,519,8.05599000,136115325.50909100,0
1754546400000000,16919607.00000000,16934547.00000000,16886187.00000000,16886187.00000000,2.76296400,1754549999999999,46708570.55800200,468,1.33271000,22522859.18477000,0
1754550000000000,16886186.00000000,16910935.00000000,16883279.00000000,16891516.00000000,3.82246800,1754553599999999,64589051.71545700,485,2.25937300,38173528.01561400,0
1754553600000000,16891563.00000000,16973079.00000000,16891563.00000000,16945609.00000000,3.88620300,1754557199999999,65808742.92630100,679,1.35353100,22918439.43919700,0
1754557200000000,16946550.00000000,16978251.00000000,16936643.00000000,16978251.00000000,2.77817800,1754560799999999,47107944.60302900,373,2.38872600,40504279.07130800,0
1754560800000000,16978252.00000000,17175189.00000000,16978203.00000000,17165682.00000000,4.20951100,1754564399999999,71942635.33194600,1327,2.82750500,48336718.79853500,0
1754564400000000,17166201.00000000,17245763.00000000,17166183.00000000,17189340.00000000,2.36331800,1754567999999999,40657838.43977200,1002,1.26538600,21763449.50924000,0
1754568000000000,17189337.00000000,17195281.00000000,17099673.00000000,17152650.00000000,3.30589800,1754571599999999,56682363.98830900,710,1.41840700,24324537.19538100,0
1754571600000000,17152678.00000000,17211514.00000000,17131428.00000000,17196808.00000000,1.91192500,1754575199999999,32818837.40622900,850,1.01318200,17388435.92307200,0
1754575200000000,17198676.00000000,17215487.00000000,17150718.00000000,17176260.00000000,2.50737100,1754578799999999,43075674.90483200,868,1.22733300,21082696.66008400,0
1754578800000000,17176625.00000000,17230431.00000000,17168451.00000000,17218751.00000000,0.91424200,1754582399999999,15724645.17279900,679,0.56124900,9653985.56434800,0
1754582400000000,17218205.00000000,17223631.00000000,17068145.00000000,17157335.00000000,2.05445100,1754585999999999,35294907.79249700,836,1.32126500,22707391.59273800,0
1754586000000000,17158054.00000000,17202411.00000000,17142636.00000000,17194738.00000000,1.15282600,1754589599999999,19797545.09158700,729,0.64213500,11029000.61309500,0
1754589600000000,17194940.00000000,17219223.00000000,17146582.00000000,17216959.00000000,0.71869600,1754593199999999,12342340.28050700,468,0.39990600,6866411.46383800,0
1754593200000000,17217247.00000000,17304882.00000000,17201422.00000000,17286552.00000000,2.45631700,1754596799999999,42342266.64948000,793,1.12459100,19392438.17589600,0
1754596800000000,17286553.00000000,17293713.00000000,17249113.00000000,17253792.00000000,1.38360700,1754600399999999,23898323.90408200,589,0.36824800,6360416.69730500,0
1754600400000000,17254636.00000000,17280292.00000000,17228564.00000000,17232092.00000000,1.19866000,1754603999999999,20677063.77928400,536,0.23337900,4026101.84259100,0
1754604000000000,17231582.00000000,17293784.00000000,17230332.00000000,17286251.00000000,1.47678300,1754607599999999,25495425.70556900,622,1.08827600,18784171.54301500,0
1754607600000000,17285506.00000000,17288019.00000000,17237905.00000000,17257121.00000000,1.19668600,1754611199999999,20646930.57821100,403,0.68675500,11846513.59863500,0
1754611200000000,17257170.00000000,17306639.00000000,17201265.00000000,17274129.00000000,7.14981000,1754614799999999,123412496.70212600,1422,3.15893400,54532127.91637200,0
1754614800000000,17273396.00000000,17273396.00000000,17219225.00000000,17230432.00000000,6.01600200,1754618399999999,103721862.22353200,1149,2.98667500,51488378.28078400,0
1754618400000000,17230440.00000000,17235226.00000000,17205788.00000000,17207622.00000000,4.35895500,1754621999999999,75048743.32692000,742,2.55845300,44044416.79671800,0
1754622000000000,17207622.00000000,17251955.00000000,17207478.00000000,17224678.00000000,11.12604800,1754625599999999,191674884.39530500,1097,6.21197100,107001015.23045100,0
1754625600000000,17224677.00000000,17231594.00000000,17209397.00000000,17221804.00000000,3.73247600,1754629199999999,64281489.97519800,663,2.27812000,39234000.66678500,0
1754629200000000,17221804.00000000,17231126.00000000,17203351.00000000,17207996.00000000,6.48443500,1754632799999999,111628828.08704200,873,4.77491900,82199012.65037600,0
1754632800000000,17209181.00000000,17236035.00000000,17188751.00000000,17233025.00000000,2.96244600,1754636399999999,50995354.63926500,515,0.81353700,13997504.75212300,0
1754636400000000,17233107.00000000,17262089.00000000,17193073.00000000,17249113.00000000,2.23438200,1754639999999999,38516694.34934300,753,1.44271300,24871845.69460500,0
1754640000000000,17249112.00000000,17252962.00000000,17205942.00000000,17250789.00000000,1.37252300,1754643599999999,23648913.19793500,446,0.34653900,5975571.25149600,0
1754643600000000,17249650.00000000,17261997.00000000,17232884.00000000,17259376.00000000,0.86014200,1754647199999999,14833608.11396800,399,0.35490900,6119564.86317200,0
1754647200000000,17259499.00000000,17265378.00000000,17235960.00000000,17257781.00000000,3.02276200,1754650799999999,52146525.00099500,463,0.81171800,13999237.21971000,0
1754650800000000,17258830.00000000,17303913.00000000,17258830.00000000,17302905.00000000,0.63336400,1754654399999999,10948124.84181400,335,0.41403200,7156791.65224900,0
1754654400000000,17302905.00000000,17302905.00000000,17248167.00000000,17255656.00000000,1.25663900,1754657999999999,21696252.68622100,405,0.53562800,9249387.79887300,0
1754658000000000,17256371.00000000,17304493.00000000,17247888.00000000,17293822.00000000,8.06244000,1754661599999999,139354425.27258300,1408,2.89794300,50096159.43238700,0
1754661600000000,17293822.00000000,17339334.00000000,17220056.00000000,17236803.00000000,3.81769500,1754665199999999,65983316.34053600,1006,1.40511800,24287174.04122600,0
1754665200000000,17238256.00000000,17241703.00000000,17128612.00000000,17176398.00000000,3.23079000,1754668799999999,55529324.82354700,855,1.52662600,26233503.03580600,0
1754668800000000,17176321.00000000,17197038.00000000,17154538.00000000,17182424.00000000,0.91500400,1754672399999999,15717055.54384100,459,0.50001500,8589035.37154200,0
1754672400000000,17184099.00000000,17256325.00000000,17180296.00000000,17256325.00000000,0.97144400,1754675999999999,16723279.61129400,459,0.71623700,12329258.04883200,0
1754676000000000,17256587.00000000,17279999.00000000,17195395.00000000,17216081.00000000,1.78432500,1754679599999999,30762130.21392400,664,0.50503800,8708179.31540000,0
1754679600000000,17216081.00000000,17247887.00000000,17201906.00000000,17208599.00000000,2.00865100,1754683199999999,34580576.80094700,456,0.79389600,13665769.32588700,0
1754683200000000,17206118.00000000,17270138.00000000,17188420.00000000,17270138.00000000,2.25004700,1754686799999999,38728265.98360700,553,1.25694300,21630566.51479100,0
1754686800000000,17270547.00000000,17278182.00000000,17249273.00000000,17272917.00000000,0.81587900,1754690399999999,14087464.79005400,300,0.35620300,6150125.39944400,0
1754690400000000,17272879.00000000,17278179.00000000,17250543.00000000,17264625.00000000,1.95083900,1754693999999999,33687770.00851000,424,1.29329600,22331437.99285800,0
1754694000000000,17264731.00000000,17265743.00000000,17230020.00000000,17231451.00000000,1.60403200,1754697599999999,27652641.41629700,232,0.47522500,8191687.70789600,0
1754697600000000,17231450.00000000,17235839.00000000,17222815.00000000,17222815.00000000,1.77544500,1754701199999999,30593403.17923100,240,0.33596100,5789275.44106200,0
1754701200000000,17222818.00000000,17232823.00000000,17219990.00000000,17228915.00000000,1.60843200,1754704799999999,27711694.77033500,367,1.23910200,21349218.24994900,0
1754704800000000,17228894.00000000,17228894.00000000,17204747.00000000,17210474.00000000,0.85737400,1754708399999999,14758623.70810400,278,0.52655000,9063371.45351100,0
1754708400000000,17210473.00000000,17215480.00000000,17195216.00000000,17197225.00000000,2.17947400,1754711999999999,37495496.10042000,327,0.54416400,9363888.35976600,0
1754712000000000,17197225.00000000,17231506.00000000,17192148.00000000,17201722.00000000,1.59925000,1754715599999999,27524688.56309000,612,0.69342800,11933640.91532800,0
1754715600000000,17201067.00000000,17315038.00000000,17193325.00000000,17232645.00000000,5.28215400,1754719199999999,91031790.61879100,1332,2.86996600,49470224.70415600,0
1754719200000000,17232644.00000000,17235250.00000000,17205752.00000000,17223659.00000000,1.64546500,1754722799999999,28338007.76786400,668,0.60473700,10415064.17386000,0
1754722800000000,17223659.00000000,17255431.00000000,17222440.00000000,17238192.00000000,0.64938100,1754726399999999,11197600.81467900,266,0.43851700,7560763.22664300,0
1754726400000000,17238191.00000000,17291232.00000000,17238191.00000000,17284101.00000000,1.20002900,1754729999999999,20713447.37354600,384,0.69822200,12053324.43880300,0
1754730000000000,17285671.00000000,17341016.00000000,17275721.00000000,17341016.00000000,1.35145300,1754733599999999,23391826.46509800,580,0.83500500,14453434.48229500,0
1754733600000000,17341204.00000000,17397875.00000000,17325944.00000000,17331338.00000000,2.69798500,1754737199999999,46845739.02079100,782,1.41776000,24615391.89492100,0
1754737200000000,17332100.00000000,17337888.00000000,17287648.00000000,17291035.00000000,2.55288700,1754740799999999,44184860.23209700,652,1.69059800,29260401.91900300,0
1754740800000000,17291091.00000000,17309668.00000000,17283456.00000000,17294776.00000000,1.03721500,1754744399999999,17935824.66600600,539,0.79948400,13824028.10881300,0
1754744400000000,17293906.00000000,17300857.00000000,17263793.00000000,17274956.00000000,1.24567800,1754747999999999,21525456.27816000,471,0.83154100,14368774.20710600,0
1754748000000000,17274955.00000000,17274955.00000000,17245647.00000000,17267558.00000000,1.35066900,1754751599999999,23313765.81429500,432,0.52951500,9139044.79423600,0
1754751600000000,17267768.00000000,17296348.00000000,17241177.00000000,17263792.00000000,2.35671800,1754755199999999,40692594.80640400,650,2.00894500,34689213.24056000,0
1754755200000000,17264219.00000000,17273306.00000000,17232476.00000000,17237597.00000000,1.16389500,1754758799999999,20074031.70955100,338,0.56415800,9733694.13829700,0
1754758800000000,17237147.00000000,17254277.00000000,17231758.00000000,17238561.00000000,0.89496000,1754762399999999,15432236.46319400,258,0.44854900,7735314.99712400,0
1754762400000000,17238076.00000000,17243911.00000000,17220001.00000000,17232666.00000000,0.60887100,1754765999999999,10490682.50181600,209,0.10886800,1875182.39143100,0
1754766000000000,17232602.00000000,17239936.00000000,17213372.00000000,17216259.00000000,0.49035200,1754769599999999,8445013.68731000,232,0.16220500,2793618.87463400,0
1754769600000000,17216911.00000000,17276413.00000000,17210328.00000000,17246993.00000000,1.59427100,1754773199999999,27478482.20277400,549,0.60694800,10462750.71022300,0
1754773200000000,17246420.00000000,17252044.00000000,17201350.00000000,17225191.00000000,1.37591600,1754776799999999,23697489.67152400,606,0.71327300,12281890.02977000,0
1754776800000000,17222106.00000000,17255839.00000000,17218891.00000000,17229209.00000000,1.22821300,1754780399999999,21165815.86137400,330,0.47653300,8212182.03058600,0
1754780400000000,17228898.00000000,17236837.00000000,17211185.00000000,17211185.00000000,0.62665300,1754783999999999,10791785.41666700,254,0.15919100,2740805.43135300,0
1754784000000000,17211155.00000000,17245172.00000000,17211155.00000000,17245172.00000000,5.54949900,1754787599999999,95632326.75817300,799,2.81233100,48469109.35017200,0
1754787600000000,17245172.00000000,17252591.00000000,17231015.00000000,17237404.00000000,5.12872800,1754791199999999,88416757.46208300,1277,4.32181400,74505491.81628800,0
1754791200000000,17237410.00000000,17342999.00000000,17237409.00000000,17342999.00000000,2.20740700,1754794799999999,38132802.42118300,750,1.44887800,25022040.92739100,0
1754794800000000,17342999.00000000,17500000.00000000,17336695.00000000,17490364.00000000,4.17660800,1754798399999999,72861458.58685900,1171,2.34914400,40988236.46825000,0
1754798400000000,17490986.00000000,17521973.00000000,17470623.00000000,17486834.00000000,4.12581400,1754801999999999,72220312.86954900,868,0.88325300,15459015.27200400,0
1754802000000000,17487827.00000000,17490025.00000000,17407807.00000000,17426570.00000000,1.32109400,1754805599999999,23038122.07111300,410,0.80569700,14047915.20379600,0
1754805600000000,17426570.00000000,17454279.00000000,17361081.00000000,17429216.00000000,3.01561400,1754809199999999,52501329.12165100,689,1.34444800,23419646.57438900,0
1754809200000000,17428895.00000000,17447219.00000000,17347289.00000000,17389528.00000000,1.94544300,1754812799999999,33834275.05974500,648,1.06233000,18471484.18616600,0
1754812800000000,17390388.00000000,17466349.00000000,17363480.00000000,17453336.00000000,2.23998700,1754816399999999,39020546.77054900,700,0.65501200,11400410.66135500,0
1754816400000000,17453198.00000000,17473966.00000000,17435065.00000000,17460099.00000000,1.11440100,1754819999999999,19453773.25022300,329,0.81050100,14146863.20274600,0
1754820000000000,17460098.00000000,17460098.00000000,17421122.00000000,17425687.00000000,1.48039400,1754823599999999,25810870.53329400,341,0.83397400,14541985.94418100,0
1754823600000000,17425687.00000000,17488404.00000000,17411038.00000000,17466451.00000000,1.76140300,1754827199999999,30736386.99310600,417,0.98098100,17124868.94824300,0
1754827200000000,17466451.00000000,17524865.00000000,17454976.00000000,17491505.00000000,2.37085200,1754830799999999,41488586.90156400,564,1.47790200,25864297.15357500,0
1754830800000000,17489751.00000000,17516615.00000000,17470931.00000000,17485291.00000000,1.58359400,1754834399999999,27695312.94953600,532,0.82317700,14394832.98694300,0
1754834400000000,17483675.00000000,17536336.00000000,17466595.00000000,17526922.00000000,2.25538600,1754837999999999,39489953.64588600,584,1.34987800,23638278.79913700,0
1754838000000000,17527438.00000000,17570710.00000000,17506837.00000000,17542631.00000000,2.29021900,1754841599999999,40171143.00649900,660,1.63223500,28627028.10765300,0
1754841600000000,17540877.00000000,17560362.00000000,17518588.00000000,17524844.00000000,1.16789900,1754845199999999,20485056.11451000,392,0.44947700,7881139.77329400,0
1754845200000000,17524844.00000000,17526606.00000000,17494401.00000000,17507211.00000000,0.76173600,1754848799999999,13337142.54487500,254,0.53823300,9424137.81195500,0
1754848800000000,17507210.00000000,17511071.00000000,17494401.00000000,17506485.00000000,0.31450000,1754852399999999,5504720.89563400,157,0.28997900,5075536.50879100,0
1754852400000000,17506485.00000000,17530640.00000000,17494603.00000000,17530640.00000000,0.70214100,1754855999999999,12301985.38592900,233,0.31186700,5462248.56085300,0
1754856000000000,17530640.00000000,17543487.00000000,17448279.00000000,17482472.00000000,1.82589300,1754859599999999,31945396.77864400,584,0.82063700,14353522.28938800,0
1754859600000000,17478496.00000000,17526345.00000000,17443128.00000000,17526345.00000000,1.05074000,1754863199999999,18353930.20276600,512,0.53838900,9404501.19702800,0
1754863200000000,17526699.00000000,17578606.00000000,17514281.00000000,17578606.00000000,2.14086000,1754866799999999,37563583.30486000,612,1.30798300,22948446.17063500,0
1754866800000000,17580840.00000000,17611887.00000000,17553580.00000000,17609680.00000000,1.38777800,1754870399999999,24402932.05945300,528,1.01259100,17805606.29923900,0
1754870400000000,17609704.00000000,17638555.00000000,17587911.00000000,17601752.00000000,4.21016100,1754873999999999,74184069.60076200,750,1.17847200,20758145.94378700,0
1754874000000000,17599974.00000000,17725673.00000000,17579968.00000000,17705252.00000000,2.93595300,1754877599999999,51777552.73089300,885,1.97522900,34839790.26550600,0
1754877600000000,17707767.00000000,17956858.00000000,17702237.00000000,17956829.00000000,12.89907900,1754881199999999,230277337.75841400,2856,7.74793400,138269003.96634900,0
1754881200000000,17956814.00000000,17997980.00000000,17899793.00000000,17925918.00000000,4.14019900,1754884799999999,74277064.83123300,1267,2.79769700,50189309.70830300,0
1754884800000000,17925817.00000000,17975427.00000000,17902876.00000000,17966367.00000000,3.43905400,1754888399999999,61665639.53139900,1369,2.36386300,42396492.82287200,0
1754888400000000,17968092.00000000,17996510.00000000,17934409.00000000,17961437.00000000,2.29280700,1754891999999999,41186467.83942100,774,1.20986400,21735653.80556800,0
1754892000000000,17962164.00000000,18002864.00000000,17951287.00000000,18001340.00000000,4.07877400,1754895599999999,73339865.24216000,849,2.57124600,46244990.50172900,0
1754895600000000,18001340.00000000,18001340.00000000,17882899.00000000,17886838.00000000,2.17836500,1754899199999999,39090052.67483200,942,1.02770100,18433219.23346200,0
1754899200000000,17886838.00000000,17933138.00000000,17836478.00000000,17923196.00000000,4.74781100,1754902799999999,84911155.29430600,1012,2.31615500,41432913.07266700,0
1754902800000000,17921821.00000000,17922234.00000000,17861463.00000000,17898883.00000000,2.72111900,1754906399999999,48668108.82095500,614,1.27967300,22893086.97209400,0
1754906400000000,17899952.00000000,17903928.00000000,17852120.00000000,17882377.00000000,1.48833400,1754909999999999,26603183.73064000,449,0.95587600,17088502.74678100,0
1754910000000000,17882311.00000000,17891383.00000000,17781202.00000000,17817026.00000000,3.04567800,1754913599999999,54279870.16672100,861,2.03567300,36277278.19005700,0
1754913600000000,17816898.00000000,17828457.00000000,17663213.00000000,17677296.00000000,2.81339900,1754917199999999,49928428.02173700,952,1.48581800,26369931.74077500,0
1754917200000000,17676554.00000000,17784444.00000000,17645292.00000000,17739635.00000000,2.95120200,1754920799999999,52290507.42667200,943,2.13116100,37760386.21945100,0
1754920800000000,17739637.00000000,17826240.00000000,17718567.00000000,17792244.00000000,2.27125400,1754924399999999,40343140.56118300,734,1.48631300,26397147.42560100,0
1754924400000000,17790286.00000000,17810587.00000000,17736838.00000000,17798160.00000000,0.91787300,1754927999999999,16325408.75695500,655,0.57956300,10310968.28356900,0
1754928000000000,17797288.00000000,17866578.00000000,17748501.00000000,17751009.00000000,2.02537600,1754931599999999,36097572.95821900,679,1.47852800,26353614.99551200,0
1754931600000000,17751024.00000000,17781778.00000000,17683302.00000000,17686749.00000000,1.29436900,1754935199999999,22959063.62601800,597,0.70333300,12474770.45557100,0
1754935200000000,17685581.00000000,17745330.00000000,17648745.00000000,17734087.00000000,1.78942000,1754938799999999,31665747.30177100,680,0.95364700,16878465.20614900,0
1754938800000000,17734087.00000000,17736333.00000000,17585409.00000000,17657004.00000000,1.37257300,1754942399999999,24230210.66343800,692,0.30623700,5406835.13263800,0
1754942400000000,17649773.00000000,17649773.00000000,17576192.00000000,17604228.00000000,1.15568800,1754945999999999,20356530.21309000,624,0.43948400,7740014.01317100,0
1754946000000000,17602346.00000000,17651277.00000000,17500000.00000000,17589172.00000000,1.16246900,1754949599999999,20427497.53428000,862,0.60059900,10553041.16984700,0
1754949600000000,17591054.00000000,17623277.00000000,17530834.00000000,17617641.00000000,0.61824200,1754953199999999,10859364.83508700,730,0.42741600,7507770.76025900,0
1754953200000000,17616617.00000000,17619284.00000000,17585652.00000000,17590305.00000000,0.72458100,1754956799999999,12756852.82106000,502,0.37897400,6672442.87737100,0
1754956800000000,17590342.00000000,17670493.00000000,17587291.00000000,17665821.00000000,1.72561400,1754960399999999,30429311.19959500,771,1.25991900,22216563.28186800,0
1754960400000000,17665821.00000000,17681389.00000000,17642045.00000000,17674778.00000000,3.28349800,1754963999999999,58000447.16913600,681,2.29266400,40502963.45914400,0
1754964000000000,17674778.00000000,17725915.00000000,17659626.00000000,17694585.00000000,6.79098500,1754967599999999,120250766.65510700,1064,5.23727700,92740591.75562500,0
1754967600000000,17694564.00000000,17716665.00000000,17652601.00000000,17668867.00000000,7.66939800,1754971199999999,135694004.22986100,1330,4.84667000,85759250.51690500,0
1754971200000000,17668949.00000000,17709898.00000000,17665207.00000000,17701187.00000000,2.50299100,1754974799999999,44288689.07230600,831,1.30960200,23183859.47078300,0
1754974800000000,17700382.00000000,17700382.00000000,17592936.00000000,17651575.00000000,2.60269800,1754978399999999,45920700.99048300,792,1.02665500,18127332.64463300,0
1754978400000000,17653160.00000000,17681808.00000000,17632459.00000000,17654142.00000000,1.72165600,1754981999999999,30412564.84898400,651,0.80690700,14253825.99128600,0
1754982000000000,17654230.00000000,17694572.00000000,17654230.00000000,17674334.00000000,1.66772700,1754985599999999,29485491.66626700,497,0.31823300,5625151.71328800,0
1754985600000000,17674340.00000000,17690800.00000000,17645281.00000000,17657640.00000000,1.68915800,1754989199999999,29833818.42151500,444,0.49487600,8739892.00778400,0
1754989200000000,17656843.00000000,17667186.00000000,17612053.00000000,17617614.00000000,5.54137500,1754992799999999,97729325.02494800,761,4.52247400,79761866.15289600,0
1754992800000000,17616721.00000000,17631631.00000000,17577648.00000000,17606288.00000000,2.59933900,1754996399999999,45769478.96729200,556,0.44972600,7919574.70501300,0
1754996400000000,17608375.00000000,17639782.00000000,17579319.00000000,17622353.00000000,0.64563500,1754999999999999,11372211.60533600,388,0.20003500,3525152.52806800,0
1755000000000000,17620435.00000000,17676776.00000000,17590537.00000000,17673698.00000000,8.04987300,1755003599999999,142032134.82078900,3588,4.52364300,79789494.85566200,0
1755003600000000,17674848.00000000,17773739.00000000,17585425.00000000,17625896.00000000,5.66209100,1755007199999999,99982200.23244900,4173,3.06719600,54150172.83728900,0
1755007200000000,17628646.00000000,17704823.00000000,17614034.00000000,17704823.00000000,2.14718300,1755010799999999,37940390.18885600,1561,1.15284900,20370499.60558400,0
1755010800000000,17704905.00000000,17756495.00000000,17682624.00000000,17738194.00000000,3.40129500,1755014399999999,60260790.66674800,1158,2.46311300,43640601.13006100,0
1755014400000000,17737899.00000000,17770335.00000000,17671525.00000000,17687797.00000000,1.25451300,1755017999999999,22228883.08059600,906,0.77769100,13784296.15891900,0
1755018000000000,17686512.00000000,17713728.00000000,17622360.00000000,17630351.00000000,1.80768400,1755021599999999,31935058.88302900,957,0.50990300,9012177.21159100,0
1755021600000000,17630746.00000000,17741087.00000000,17628045.00000000,17634474.00000000,1.46503100,1755025199999999,25897670.78662500,850,0.62713600,11082639.68375600,0
1755025200000000,17634708.00000000,17722657.00000000,17634024.00000000,17685102.00000000,0.70476000,1755028799999999,12463739.31617400,513,0.37891200,6699437.20657700,0
1755028800000000,17684424.00000000,17777760.00000000,17662042.00000000,17762592.00000000,2.69996500,1755032399999999,47868957.23266600,1046,1.05043000,18618077.43159400,0
1755032400000000,17762327.00000000,17762663.00000000,17708455.00000000,17721963.00000000,0.96470200,1755035999999999,17110409.84215400,548,0.32647700,5791005.09955800,0
1755036000000000,17723448.00000000,17737660.00000000,17674848.00000000,17737445.00000000,1.81397900,1755039599999999,32126791.99188900,776,1.10976700,19657559.15039100,0
1755039600000000,17737611.00000000,17772389.00000000,17719560.00000000,17751075.00000000,1.64255800,1755043199999999,29151201.68256800,469,0.72280000,12829808.88902400,0
1755043200000000,17750664.00000000,17756089.00000000,17682036.00000000,17699355.00000000,2.26800600,1755046799999999,40207312.00822500,822,0.76223700,13519130.37753700,0
1755046800000000,17699483.00000000,17709735.00000000,17657178.00000000,17706206.00000000,3.30524200,1755050399999999,58463191.40367400,831,1.72078400,30439239.63521800,0
1755050400000000,17706205.00000000,17743617.00000000,17662330.00000000,17729861.00000000,6.77381900,1755053999999999,120039043.57784100,925,5.30275100,93982264.39581000,0
1755054000000000,17730207.00000000,17746745.00000000,17702390.00000000,17724669.00000000,9.71883300,1755057599999999,172345064.64976500,1690,6.53379000,115867459.76915900,0
1755057600000000,17724233.00000000,17775745.00000000,17687964.00000000,17687969.00000000,3.44313400,1755061199999999,61033006.10854000,945,1.35410100,24001970.11188200,0
1755061200000000,17687965.00000000,17740944.00000000,17629880.00000000,17646881.00000000,2.35925500,1755064799999999,41720525.23773700,1091,0.80267500,14198364.00608900,0
1755064800000000,17646885.00000000,17673229.00000000,17628056.00000000,17673229.00000000,7.20664100,1755068399999999,127236505.59196500,1898,5.58796600,98654101.55890200,0
1755068400000000,17673244.00000000,17682589.00000000,17630093.00000000,17675519.00000000,9.16589100,1755071999999999,161837921.30113900,2807,5.51593000,97395687.92426000,0
1755072000000000,17674849.00000000,17700746.00000000,17650551.00000000,17692858.00000000,4.43418900,1755075599999999,78422184.69418000,1502,2.49072100,44050124.48842200,0
1755075600000000,17692934.00000000,17707493.00000000,17663385.00000000,17700297.00000000,2.45102600,1755079199999999,43355469.87679300,1378,1.56920600,27755629.09299800,0
1755079200000000,17700296.00000000,17764596.00000000,17687259.00000000,17764325.00000000,3.16274800,1755082799999999,56100039.82719900,1098,1.78940700,31743581.13360600,0
1755082800000000,17764735.00000000,17819896.00000000,17764735.00000000,17779432.00000000,2.14157300,1755086399999999,38111458.07768100,574,1.05149700,18713247.40202500,0
1755086400000000,17780509.00000000,17789879.00000000,17746504.00000000,17748988.00000000,2.23362400,1755089999999999,39690193.24896200,1009,1.39038200,24707451.43054800,0
1755090000000000,17748073.00000000,17966439.00000000,17721675.00000000,17923206.00000000,7.98776800,1755093599999999,142589566.06331700,4589,5.05610100,90279959.26301200,0
1755093600000000,17926020.00000000,17983494.00000000,17780245.00000000,17795168.00000000,8.89020200,1755097199999999,158931390.79394100,8963,5.86078700,104739199.03848500,0
1755097200000000,17797416.00000000,17876966.00000000,17732199.00000000,17820864.00000000,3.25934000,1755100799999999,58057067.04354600,4543,1.75947700,31348503.72947500,0
1755100800000000,17820877.00000000,17931267.00000000,17820877.00000000,17891897.00000000,1.44737100,1755104399999999,25905114.11831800,1105,0.99530000,17815846.74012900,0
1755104400000000,17894079.00000000,17957304.00000000,17894079.00000000,17957023.00000000,1.06393000,1755107999999999,19084348.60948900,475,0.71828300,12887583.82974500,0
1755108000000000,17954188.00000000,17982037.00000000,17909846.00000000,17936557.00000000,1.71914500,1755111599999999,30848340.18505800,845,0.66208500,11880916.07745500,0
1755111600000000,17936492.00000000,18094266.00000000,17921857.00000000,18083657.00000000,8.45612400,1755115199999999,152435629.01833900,1586,3.83235000,69063433.68808300,0
1755115200000000,18085160.00000000,18105630.00000000,18049252.00000000,18100003.00000000,3.37973600,1755118799999999,61115498.23190300,925,2.76578100,50013256.20013600,0
1755118800000000,18100003.00000000,18110504.00000000,18022234.00000000,18045205.00000000,4.94871600,1755122399999999,89468200.20379100,937,3.20057200,57859663.57124100,0
1755122400000000,18045854.00000000,18185389.00000000,18045854.00000000,18101541.00000000,6.10573800,1755125999999999,110704996.74411900,1286,4.52773500,82097760.23101600,0
1755126000000000,18101097.00000000,18197560.00000000,18100906.00000000,18150307.00000000,1.87299700,1755129599999999,33981704.79628800,635,0.92597400,16805832.81894100,0
1755129600000000,18148468.00000000,18256008.00000000,18135142.00000000,18175059.00000000,8.50734500,1755133199999999,154704081.13323400,4116,4.18388300,76062514.30785200,0
1755133200000000,18175064.00000000,18185856.00000000,18088000.00000000,18088036.00000000,2.77336600,1755136799999999,50286152.90175000,2101,1.68448100,30539828.66520700,0
1755136800000000,18088033.00000000,18148104.00000000,18088033.00000000,18148104.00000000,2.00903700,1755140399999999,36403096.47986500,1591,0.75612200,13699894.91022000,0
1755140400000000,18148103.00000000,18168503.00000000,18088000.00000000,18096977.00000000,2.35154600,1755143999999999,42620466.85106100,1452,0.93937600,17025691.62964900,0
1755144000000000,18096734.00000000,18098978.00000000,18038021.00000000,18038021.00000000,7.03671900,1755147599999999,127172460.53550400,1528,4.44114900,80264006.71142000,0
1755147600000000,18038155.00000000,18066733.00000000,17925000.00000000,17934307.00000000,14.70480000,1755151199999999,264985277.43594400,1730,9.74198400,175552887.34693200,0
1755151200000000,17932816.00000000,17932816.00000000,17795133.00000000,17865357.00000000,8.88435600,1755154799999999,158601942.39130800,2682,3.88971200,69395451.77893600,0
1755154800000000,17865013.00000000,17896071.00000000,17829966.00000000,17872814.00000000,1.95197400,1755158399999999,34864025.83021200,809,1.17738200,21027508.83089800,0
1755158400000000,17874289.00000000,17909644.00000000,17847464.00000000,17856959.00000000,2.06355200,1755161999999999,36889655.71817700,714,1.13832600,20349755.85236400,0
1755162000000000,17856839.00000000,17889819.00000000,17842366.00000000,17864017.00000000,1.66460000,1755165599999999,29737670.98240400,724,0.95067000,16979825.35826800,0
1755165600000000,17863702.00000000,17877414.00000000,17739710.00000000,17762953.00000000,3.33226400,1755169199999999,59321880.72799100,1229,2.12915500,37880502.41051700,0
1755169200000000,17760978.00000000,17772400.00000000,17721931.00000000,17757216.00000000,2.69366100,1755172799999999,47783694.60356400,840,0.85913800,15243070.42990000,0
1755172800000000,17757031.00000000,17789277.00000000,17369408.00000000,17508331.00000000,30.89457400,1755176399999999,543043254.33902800,15804,18.61549400,326907538.65116100,0
1755176400000000,17507875.00000000,17568639.00000000,17386330.00000000,17493130.00000000,14.06604800,1755179999999999,245899990.98898400,17409,7.16107800,125199732.06390300,0
1755180000000000,17493550.00000000,17636560.00000000,17439592.00000000,17557374.00000000,6.65445400,1755183599999999,116733421.64315900,4167,3.10804700,54528469.83923600,0
1755183600000000,17556664.00000000,17616248.00000000,17453198.00000000,17502289.00000000,4.12450700,1755187199999999,72301939.63809200,2497,2.50721600,43968377.80319100,0
1755187200000000,17502181.00000000,17502181.00000000,17399345.00000000,17459184.00000000,2.73083400,1755190799999999,47633447.96740900,2439,1.16298700,20284853.00791000,0
1755190800000000,17457810.00000000,17485311.00000000,17405792.00000000,17469408.00000000,1.51970900,1755194399999999,26504087.50457800,980,0.86930500,15151653.92300200,0
1755194400000000,17469161.00000000,17514545.00000000,17370050.00000000,17496211.00000000,1.24007900,1755197999999999,21632986.18273600,1102,0.50161000,8750198.66232500,0
1755198000000000,17494919.00000000,17545646.00000000,17468824.00000000,17468824.00000000,1.81874900,1755201599999999,31835754.53213400,834,0.78261100,13703035.02258900,0
1755201600000000,17467136.00000000,17492128.00000000,17432141.00000000,17453498.00000000,1.24002200,1755205199999999,21651750.39727100,593,0.76642200,13380839.47877000,0
1755205200000000,17453415.00000000,17510187.00000000,17385123.00000000,17461715.00000000,4.52065000,1755208799999999,78856635.03178400,2215,1.75586700,30612219.67344900,0
1755208800000000,17458410.00000000,17526207.00000000,17428532.00000000,17523939.00000000,1.37090200,1755212399999999,23971511.09916600,555,0.68165100,11914909.99073100,0
1755212400000000,17521293.00000000,17563826.00000000,17514906.00000000,17519363.00000000,1.14950800,1755215999999999,20169318.89375500,489,0.55003500,9650591.18524900,0
1755216000000000,17519364.00000000,17541019.00000000,17471418.00000000,17484023.00000000,2.49470900,1755219599999999,43667917.06971900,1055,1.12710400,19730826.64920900,0
1755219600000000,17484023.00000000,17537567.00000000,17457458.00000000,17533925.00000000,1.64619300,1755223199999999,28811340.86798700,759,1.26882200,22209328.94812600,0
1755223200000000,17532554.00000000,17564832.00000000,17519721.00000000,17545314.00000000,2.12661900,1755226799999999,37320747.07423100,633,1.15361200,20246116.09637900,0
1755226800000000,17544576.00000000,17587552.00000000,17529136.00000000,17564775.00000000,13.27687000,1755230399999999,233286370.53198200,980,11.38216000,200021866.49335500,0
1755230400000000,17564775.00000000,17596540.00000000,17536756.00000000,17542904.00000000,9.78137500,1755233999999999,171972194.63944300,751,7.90610300,139005698.16369500,0
1755234000000000,17542277.00000000,17564832.00000000,17521380.00000000,17564832.00000000,9.36822200,1755237599999999,164285968.76354400,734,8.14184200,142777466.12870600,0
1755237600000000,17566436.00000000,17591782.00000000,17545817.00000000,17572622.00000000,2.72761700,1755241199999999,47944325.93197300,682,1.37642400,24194163.46019200,0
1755241200000000,17571648.00000000,17571648.00000000,17528481.00000000,17540257.00000000,1.49182800,1755244799999999,26176667.00854200,490,0.66395400,11650730.98346600,0
1755244800000000,17540258.00000000,17555110.00000000,17512132.00000000,17512132.00000000,1.46534800,1755248399999999,25705257.03777000,431,0.52040500,9127841.64283200,0
1755248400000000,17512130.00000000,17528868.00000000,17465931.00000000,17476568.00000000,0.81726700,1755251999999999,14293549.62715200,528,0.36712300,6420891.50157800,0
1755252000000000,17477225.00000000,17521444.00000000,17477225.00000000,17508467.00000000,1.53774000,1755255599999999,26921831.70884100,511,0.35929600,6289567.36313900,0
1755255600000000,17508476.00000000,17538297.00000000,17506266.00000000,17529274.00000000,0.97008800,1755259199999999,17007406.47322000,287,0.21254900,3725949.63949800,0
1755259200000000,17529565.00000000,17560461.00000000,17459832.00000000,17480752.00000000,3.33881700,1755262799999999,58425743.25558600,1369,1.62433600,28423377.53200800,0
1755262800000000,17479656.00000000,17481165.00000000,17344773.00000000,17349290.00000000,4.57669000,1755266399999999,79690921.10952100,2399,2.40693900,41901501.95092100,0
1755266400000000,17349289.00000000,17413807.00000000,17260990.00000000,17272985.00000000,3.43735600,1755269999999999,59594372.32312900,2140,1.33613800,23170867.42434600,0
1755270000000000,17274028.00000000,17315197.00000000,17200509.00000000,17266984.00000000,5.62653700,1755273599999999,97077603.51678600,4786,2.75211200,47481229.96189600,0
1755273600000000,17267456.00000000,17313821.00000000,17203003.00000000,17312964.00000000,0.83882600,1755277199999999,14470996.50461900,1640,0.33731500,5820826.86503400,0
1755277200000000,17310181.00000000,17393461.00000000,17266966.00000000,17353288.00000000,2.98332900,1755280799999999,51746894.20642300,1493,2.25810500,39175194.45866500,0
1755280800000000,17353288.00000000,17360495.00000000,17269817.00000000,17284096.00000000,1.02341600,1755284399999999,17719834.84299200,807,0.56306500,9750716.60999900,0
1755284400000000,17283108.00000000,17317575.00000000,17242265.00000000,17249582.00000000,1.24676700,1755287999999999,21541198.52450500,619,0.70805000,12235252.70556000,0
1755288000000000,17250632.00000000,17309577.00000000,17244357.00000000,17298748.00000000,0.34968100,1755291599999999,6042436.83432000,492,0.23512700,4061857.70507400,0
1755291600000000,17298448.00000000,17309735.00000000,17267369.00000000,17307213.00000000,0.45078100,1755295199999999,7794131.84353400,320,0.30205600,5222128.44332000,0
1755295200000000,17307295.00000000,17382848.00000000,17307295.00000000,17377722.00000000,1.65878100,1755298799999999,28770162.79854500,440,1.48318800,25727717.36498200,0
1755298800000000,17376031.00000000,17385426.00000000,17287064.00000000,17325944.00000000,3.04103400,1755302399999999,52733880.14811500,611,1.25794700,21801585.33801200,0
1755302400000000,17325944.00000000,17384520.00000000,17315484.00000000,17380578.00000000,1.25541700,1755305999999999,21781434.79807500,548,0.86369000,14985132.09282400,0
1755306000000000,17380578.00000000,17403054.00000000,17366878.00000000,17395547.00000000,1.63015400,1755309599999999,28340656.93701300,501,0.78678600,13675308.50811000,0
1755309600000000,17395306.00000000,17395306.00000000,17344773.00000000,17352484.00000000,1.26726300,1755313199999999,22010125.87089500,417,0.59073900,10256030.00019000,0
1755313200000000,17352493.00000000,17376833.00000000,17340039.00000000,17341922.00000000,0.63488800,1755316799999999,11018926.05460200,488,0.25442900,4417628.26120700,0
1755316800000000,17343827.00000000,17409618.00000000,17343827.00000000,17399296.00000000,2.45261100,1755320399999999,42655534.28366000,755,1.26290100,21958024.41360500,0
1755320400000000,17399296.00000000,17403348.00000000,17360935.00000000,17367784.00000000,0.51326000,1755323999999999,8920575.32372300,354,0.26682700,4638339.11737000,0
1755324000000000,17368343.00000000,17372120.00000000,17328000.00000000,17336404.00000000,0.63518400,1755327599999999,11015117.22850700,305,0.30730200,5328185.02268300,0
1755327600000000,17335753.00000000,17369875.00000000,17328001.00000000,17357324.00000000,0.71413300,1755331199999999,12388551.87700500,437,0.28086500,4870837.29233800,0
1755331200000000,17357324.00000000,17362189.00000000,17344772.00000000,17353692.00000000,1.01646800,1755334799999999,17640554.75841500,311,0.33660000,5841090.59168000,0
1755334800000000,17353713.00000000,17368366.00000000,17315000.00000000,17315691.00000000,0.94595500,1755338399999999,16408917.20339400,494,0.35442700,6145340.58432300,0
1755338400000000,17315648.00000000,17332931.00000000,17293250.00000000,17320832.00000000,1.94474100,1755341999999999,33672447.69954300,693,0.76658700,13270448.90814900,0
1755342000000000,17320891.00000000,17342323.00000000,17319798.00000000,17321797.00000000,0.72067800,1755345599999999,12492270.96062700,286,0.48349800,8380716.77537600,0
1755345600000000,17322453.00000000,17372240.00000000,17315484.00000000,17372238.00000000,1.17441500,1755349199999999,20377390.77006400,441,0.85433200,14824380.52435800,0
1755349200000000,17372108.00000000,17376497.00000000,17346865.00000000,17355188.00000000,0.33213600,1755352799999999,5767261.26904600,454,0.18691500,3246058.16369900,0
1755352800000000,17355233.00000000,17376100.00000000,17346864.00000000,17374988.00000000,0.67452500,1755356399999999,11712319.81737000,451,0.55661700,9665161.08837600,0
1755356400000000,17374988.00000000,17382429.00000000,17357087.00000000,17364716.00000000,0.12458800,1755359999999999,2164281.29509000,312,0.09937800,1726396.97396000,0
1755360000000000,17364716.00000000,17389402.00000000,17364716.00000000,17379221.00000000,0.54441000,1755363599999999,9462921.04829700,313,0.32222700,5600472.53616100,0
1755363600000000,17379220.00000000,17379649.00000000,17365693.00000000,17374060.00000000,0.66501900,1755367199999999,11552779.66259000,217,0.29675500,5155019.09368800,0
1755367200000000,17374059.00000000,17376515.00000000,17361509.00000000,17367229.00000000,0.31523800,1755370799999999,5475624.89669700,112,0.19116800,3320454.79774900,0
1755370800000000,17367808.00000000,17376922.00000000,17360271.00000000,17360271.00000000,0.18971800,1755374399999999,3294658.35385900,113,0.14688300,2550667.75634200,0
1755374400000000,17359416.00000000,17371250.00000000,17343431.00000000,17358024.00000000,0.37311700,1755377999999999,6477393.83411200,188,0.26581900,4614724.77927800,0
1755378000000000,17358023.00000000,17358023.00000000,17331062.00000000,17335031.00000000,0.15064500,1755381599999999,2612473.47450100,132,0.04820200,836100.13406900,0
1755381600000000,17334312.00000000,17344772.00000000,17300840.00000000,17336206.00000000,0.78545700,1755385199999999,13608968.76179300,312,0.28354300,4912559.37355900,0
1755385200000000,17336205.00000000,17336205.00000000,17306805.00000000,17320111.00000000,1.47328100,1755388799999999,25514462.74515600,306,0.83308100,14425290.39218200,0
1755388800000000,17319668.00000000,17319668.00000000,17300833.00000000,17305413.00000000,1.86942600,1755392399999999,32360448.73011800,450,1.14302800,19784081.90456800,0
1755392400000000,17302932.00000000,17331237.00000000,17296454.00000000,17324931.00000000,2.51932700,1755395999999999,43607728.33894700,453,1.74720200,30241089.91486100,0
1755396000000000,17324931.00000000,17348244.00000000,17318782.00000000,17347618.00000000,1.66311100,1755399599999999,28829051.81743600,482,0.81225400,14080176.34987700,0
1755399600000000,17347259.00000000,17370219.00000000,17336404.00000000,17360327.00000000,2.35527500,1755403199999999,40857798.34680300,450,1.72448800,29913093.61454200,0
1755403200000000,17360327.00000000,17434394.00000000,17359956.00000000,17419372.00000000,1.12695100,1755406799999999,19591678.98671000,380,0.75861000,13187977.93030800,0
1755406800000000,17419523.00000000,17442863.00000000,17415900.00000000,17425115.00000000,0.83106300,1755410399999999,14481929.99304700,427,0.38182800,6653318.55638800,0
1755410400000000,17425114.00000000,17446505.00000000,17417493.00000000,17417670.00000000,7.31124600,1755413999999999,127453976.82332900,786,2.74334800,47830078.27589500,0
1755414000000000,17417689.00000000,17432171.00000000,17405441.00000000,17421373.00000000,3.72855900,1755417599999999,64952848.37392300,597,2.02762300,35318173.78615400,0
1755417600000000,17421748.00000000,17482844.00000000,17418509.00000000,17482844.00000000,1.57945800,1755421199999999,27586790.77986900,354,0.54313900,9486470.05508500,0
1755421200000000,17483400.00000000,17495759.00000000,17458823.00000000,17473966.00000000,0.63324400,1755424799999999,11066267.50394200,429,0.20935200,3659609.22320300,0
1755424800000000,17473966.00000000,17473966.00000000,17448129.00000000,17464016.00000000,0.92240500,1755428399999999,16098966.03855000,192,0.82153700,14337760.43041600,0
1755428400000000,17464692.00000000,17467009.00000000,17454027.00000000,17457404.00000000,1.30561800,1755431999999999,22796196.87949400,231,0.53969100,9422257.21617700,0
1755432000000000,17457404.00000000,17462613.00000000,17432637.00000000,17435202.00000000,0.91010200,1755435599999999,15882162.63709300,272,0.15000500,2617048.92526000,0
1755435600000000,17435915.00000000,17493303.00000000,17425365.00000000,17467901.00000000,0.98653000,1755439199999999,17216905.99516800,313,0.53413200,9327982.53380900,0
1755439200000000,17467968.00000000,17478659.00000000,17434608.00000000,17436478.00000000,0.56065400,1755442799999999,9783844.44814600,301,0.16313800,2847085.26139100,0
1755442800000000,17436969.00000000,17447737.00000000,17432849.00000000,17439195.00000000,0.37823500,1755446399999999,6596360.03549400,423,0.19815400,3455644.73093200,0
1755446400000000,17439946.00000000,17449372.00000000,17368896.00000000,17381399.00000000,2.00377600,1755449999999999,34873287.61773500,544,1.14367000,19899219.67441200,0
1755450000000000,17381021.00000000,17392888.00000000,17356999.00000000,17392888.00000000,0.60517300,1755453599999999,10514330.74459100,264,0.27007200,4692654.22126100,0
1755453600000000,17392917.00000000,17400349.00000000,17307295.00000000,17330933.00000000,1.89352400,1755457199999999,32876755.92287000,432,0.35989000,6243103.81868900,0
1755457200000000,17331482.00000000,17351968.00000000,17315001.00000000,17329617.00000000,1.53286200,1755460799999999,26580955.87520400,398,0.91937100,15943041.12640900,0
1755460800000000,17329517.00000000,17349576.00000000,17323853.00000000,17339160.00000000,3.91447100,1755464399999999,67866745.95083500,377,2.95122100,51167434.35351300,0
1755464400000000,17338497.00000000,17368341.00000000,17338496.00000000,17357329.00000000,0.77489900,1755467999999999,13443047.38606800,272,0.62996500,10928748.37637800,0
1755468000000000,17358451.00000000,17403551.00000000,17358451.00000000,17399479.00000000,1.10510500,1755471599999999,19204987.94115400,509,0.92450900,16067008.82954300,0
1755471600000000,17400647.00000000,17400905.00000000,17330359.00000000,17333586.00000000,0.67336500,1755475199999999,11690522.98451900,421,0.14298600,2480894.26941300,0
1755475200000000,17333585.00000000,17365498.00000000,17288288.00000000,17322687.00000000,2.73547600,1755478799999999,47392608.24685000,1035,1.84233500,31919667.73357800,0
1755478800000000,17323852.00000000,17351081.00000000,17169046.00000000,17176115.00000000,6.55420500,1755482399999999,113076107.92169800,3910,3.73650800,64483096.07987900,0
1755482400000000,17175359.00000000,17179504.00000000,17052446.00000000,17069385.00000000,5.15239900,1755485999999999,88221924.45727100,3639,1.73790900,29762877.57113300,0
1755486000000000,17069393.00000000,17086091.00000000,17000000.00000000,17043432.00000000,7.89430700,1755489599999999,134675171.31946900,1879,5.44767900,92948485.68285100,0
1755489600000000,17043448.00000000,17085352.00000000,17009947.00000000,17073783.00000000,7.85887800,1755493199999999,134037612.73649000,1247,5.07940600,86628547.17951000,0
1755493200000000,17075516.00000000,17110169.00000000,17005622.00000000,17106284.00000000,14.92392300,1755496799999999,254865607.11274500,1467,9.74784600,166477040.76921800,0
1755496800000000,17107204.00000000,17110296.00000000,16988642.00000000,17027990.00000000,7.22156200,1755500399999999,123014512.49288600,3118,3.84695100,65518510.13974800,0
1755500400000000,17030954.00000000,17056733.00000000,17001685.00000000,17021200.00000000,3.52582200,1755503999999999,60022071.26277800,979,1.97457700,33609682.56218600,0
1755504000000000,17021633.00000000,17047075.00000000,17002870.00000000,17010526.00000000,4.07747800,1755507599999999,69390936.75099500,1024,3.29768500,56116658.37184900,0
1755507600000000,17010614.00000000,17010614.00000000,16938925.00000000,16990210.00000000,3.74011000,1755511199999999,63510583.27919700,1610,2.31428800,39296265.57826100,0
1755511200000000,16990601.00000000,17025258.00000000,16987041.00000000,16999381.00000000,1.05387200,1755514799999999,17924568.56287400,730,0.57068300,9707267.77614800,0
1755514800000000,16999359.00000000,17012140.00000000,16980757.00000000,16996754.00000000,1.13378900,1755518399999999,19264842.95143400,485,0.58541200,9945156.99200300,0
1755518400000000,16995726.00000000,17109901.00000000,16989971.00000000,17109383.00000000,1.83554500,1755521999999999,31294887.26384100,750,1.21388400,20701686.72408000,0
1755522000000000,17109383.00000000,17158465.00000000,17031025.00000000,17031025.00000000,4.05012500,1755525599999999,69376853.78229900,1701,1.17559600,20129819.01798400,0
1755525600000000,17025069.00000000,17141942.00000000,17016806.00000000,17141942.00000000,3.65857300,1755529199999999,62431528.86795900,2095,1.81472400,30949523.36194100,0
1755529200000000,17139241.00000000,17205919.00000000,17113897.00000000,17204100.00000000,2.29883600,1755532799999999,39426194.38431900,1361,0.82837600,14216972.42953000,0
1755532800000000,17201412.00000000,17231477.00000000,17153516.00000000,17178499.00000000,1.28825500,1755536399999999,22143142.48290000,1063,0.75459100,12963873.31362600,0
1755536400000000,17176764.00000000,17295439.00000000,17169939.00000000,17237720.00000000,2.38603600,1755539999999999,41162836.07217000,1130,0.40676500,7008904.85836000,0
1755540000000000,17237638.00000000,17257580.00000000,17211609.00000000,17250028.00000000,0.71209300,1755543599999999,12270828.85961800,427,0.15525200,2676425.50353700,0
1755543600000000,17250070.00000000,17271638.00000000,17210885.00000000,17222065.00000000,0.86254300,1755547199999999,14861764.42267900,527,0.36829400,6347073.59632500,0
1755547200000000,17222475.00000000,17253888.00000000,17177974.00000000,17233480.00000000,0.94838700,1755550799999999,16340298.04843300,535,0.33730100,5808616.26806500,0
1755550800000000,17234827.00000000,17271640.00000000,17230806.00000000,17271131.00000000,1.07525400,1755554399999999,18541231.49108800,362,0.48524300,8368189.88219800,0
1755554400000000,17271131.00000000,17321052.00000000,17246981.00000000,17246981.00000000,2.91651100,1755557999999999,50453843.09261200,665,2.21415000,38301181.76820900,0
1755558000000000,17246201.00000000,17269520.00000000,17208041.00000000,17214573.00000000,1.16677900,1755561599999999,20103628.44989400,511,0.75241500,12960303.08994100,0
1755561600000000,17216167.00000000,17254307.00000000,17107550.00000000,17254307.00000000,3.51837900,1755565199999999,60467849.07136200,1961,2.12138300,36465166.83259000,0
1755565200000000,17254680.00000000,17270292.00000000,17129708.00000000,17139888.00000000,2.38507200,1755568799999999,41061829.96729800,852,1.45517900,25047087.73994100,0
1755568800000000,17140200.00000000,17187975.00000000,17120000.00000000,17150295.00000000,2.98435900,1755572399999999,51181482.82117500,968,1.35681000,23257735.82026800,0
1755572400000000,17150841.00000000,17151947.00000000,17021481.00000000,17026284.00000000,6.50313400,1755575999999999,110892844.11168900,1531,1.56036400,26631941.88776000,0
1755576000000000,17025063.00000000,17082708.00000000,16957295.00000000,17071063.00000000,5.93496200,1755579599999999,101010324.72621600,2268,2.93846600,50019364.20169700,0
1755579600000000,17076601.00000000,17100489.00000000,17021781.00000000,17023866.00000000,5.36967400,1755583199999999,91709251.34276000,848,1.72465000,29441082.02872600,0
1755583200000000,17023488.00000000,17052284.00000000,17014809.00000000,17028676.00000000,10.36961900,1755586799999999,176581559.52045400,1663,8.03758900,136866468.74751300,0
1755586800000000,17028997.00000000,17033266.00000000,16967313.00000000,17021071.00000000,4.58369800,1755590399999999,77914354.75192600,2196,2.21352200,37610172.87117600,0
1755590400000000,17021072.00000000,17049569.00000000,16996387.00000000,17043116.00000000,5.04248500,1755593999999999,85862074.81299900,1122,2.64667900,45064454.85049200,0
1755594000000000,17043349.00000000,17095375.00000000,17037860.00000000,17070878.00000000,2.67028600,1755597599999999,45579397.56737400,556,1.73000900,29523942.06661300,0
1755597600000000,17071159.00000000,17091948.00000000,17063344.00000000,17071287.00000000,0.78613400,1755601199999999,13424495.97919200,470,0.40374700,6895121.47261100,0
1755601200000000,17073503.00000000,17116802.00000000,17073503.00000000,17099801.00000000,0.45971900,1755604799999999,7861130.24591300,518,0.23843800,4076971.74959700,0
1755604800000000,17099801.00000000,17113786.00000000,17067965.00000000,17107824.00000000,0.84394500,1755608399999999,14430152.55104600,565,0.43795900,7488237.82233300,0
1755608400000000,17108786.00000000,17158991.00000000,16994508.00000000,17033919.00000000,2.49607100,1755611999999999,42612030.56237700,3038,1.13894800,19425825.90746300,0
1755612000000000,17034831.00000000,17055123.00000000,16838208.00000000,16851811.00000000,3.80723200,1755615599999999,64363355.93282100,5499,1.60079700,27055227.84166000,0
1755615600000000,16851539.00000000,16891344.00000000,16806526.00000000,16835857.00000000,2.73661500,1755619199999999,46101347.42412200,3781,1.30938000,22060929.74648000,0
1755619200000000,16834277.00000000,16842968.00000000,16760588.00000000,16766610.00000000,2.06222600,1755622799999999,34640210.75124700,2242,1.37449600,23086541.05755400,0
1755622800000000,16766479.00000000,16775230.00000000,16715934.00000000,16757445.00000000,5.38960000,1755626399999999,90261822.02073300,2569,3.85796400,64605698.37337100,0
1755626400000000,16755221.00000000,16755221.00000000,16666610.00000000,16697451.00000000,1.66279700,1755629999999999,27778757.83041600,992,0.59641700,9958031.28355600,0
1755630000000000,16694735.00000000,16769628.00000000,16655823.00000000,16710278.00000000,1.49793500,1755633599999999,25023955.66935600,800,0.69186700,11561303.16443200,0
1755633600000000,16709193.00000000,16785274.00000000,16689002.00000000,16785072.00000000,1.36896000,1755637199999999,22913971.61627900,580,0.77377500,12951859.90021900,0
1755637200000000,16785788.00000000,16788805.00000000,16768887.00000000,16768887.00000000,0.71777300,1755640799999999,12043610.05149300,296,0.44131100,7405146.01362000,0
1755640800000000,16768888.00000000,16769245.00000000,16716236.00000000,16728311.00000000,3.17432000,1755644399999999,53133679.13183000,727,1.90641200,31914391.27926100,0
1755644400000000,16728311.00000000,16729997.00000000,16674865.00000000,16692710.00000000,2.81055200,1755647999999999,46944990.94131300,1083,1.38578700,23150392.57578400,0
1755648000000000,16694534.00000000,16763547.00000000,16690261.00000000,16735873.00000000,1.91745100,1755651599999999,32106925.30291300,1037,1.17824800,19730950.39958400,0
1755651600000000,16735873.00000000,16760487.00000000,16637588.00000000,16684648.00000000,2.57121300,1755655199999999,42942562.70563000,1318,1.65810400,27694499.71627800,0
1755655200000000,16687983.00000000,16787461.00000000,16683621.00000000,16781804.00000000,6.53226200,1755658799999999,109537038.63696700,1031,5.48645700,92008419.25671300,0
1755658800000000,16782479.00000000,16801199.00000000,16759007.00000000,16788515.00000000,0.95748500,1755662399999999,16066293.73978100,482,0.46289400,7765538.91149500,0
1755662400000000,16788519.00000000,16812624.00000000,16783107.00000000,16812624.00000000,3.83575300,1755665999999999,64441959.12639400,464,2.98236400,50101959.30814300,0
1755666000000000,16812798.00000000,16817126.00000000,16781373.00000000,16808556.00000000,0.86677700,1755669599999999,14561432.18512800,361,0.22597800,3796299.34427400,0
1755669600000000,16809047.00000000,16811738.00000000,16748692.00000000,16784987.00000000,2.57740500,1755673199999999,43248926.00435400,472,0.98465100,16518607.61510100,0
1755673200000000,16785072.00000000,16806868.00000000,16783173.00000000,16788175.00000000,1.67825300,1755676799999999,28188792.82493700,386,0.70991600,11922488.01837700,0
1755676800000000,16790976.00000000,16863791.00000000,16777167.00000000,16863791.00000000,4.08826500,1755680399999999,68807795.50256800,667,2.69856800,45414443.45749500,0
1755680400000000,16858193.00000000,16858193.00000000,16788238.00000000,16798327.00000000,0.76048500,1755683999999999,12796727.05734100,286,0.59167000,9955725.79711200,0
1755684000000000,16798185.00000000,16815065.00000000,16776834.00000000,16804753.00000000,0.53428000,1755687599999999,8975576.29866100,355,0.34351300,5770155.02284300,0
1755687600000000,16805202.00000000,16812623.00000000,16706785.00000000,16796662.00000000,0.89078500,1755691199999999,14921652.48947500,755,0.38165600,6392174.37739100,0
1755691200000000,16796634.00000000,16835860.00000000,16766488.00000000,16769886.00000000,1.90223000,1755694799999999,31941744.23273900,1152,0.47637700,8000134.23716400,0
1755694800000000,16768670.00000000,16768670.00000000,16605000.00000000,16610333.00000000,3.10072700,1755698399999999,51742922.16255500,2670,1.11030900,18500174.09148400,0
1755698400000000,16608533.00000000,16779400.00000000,16570108.00000000,16710756.00000000,3.75639900,1755701999999999,62640091.86468600,4608,1.49669000,24997921.07592600,0
1755702000000000,16702907.00000000,16844462.00000000,16687141.00000000,16705149.00000000,1.25049800,1755705599999999,20953207.72715400,1571,0.55866500,9363438.13744300,0
1755705600000000,16714118.00000000,16844819.00000000,16698395.00000000,16768100.00000000,1.01140500,1755709199999999,16988229.49485400,626,0.57472200,9653653.43353700,0
1755709200000000,16770383.00000000,16853767.00000000,16760035.00000000,16813306.00000000,1.41897200,1755712799999999,23851524.11208400,790,0.47657800,8011004.93315600,0
1755712800000000,16816674.00000000,16828854.00000000,16698846.00000000,16733758.00000000,0.83348200,1755716399999999,13973945.17160200,1001,0.11612100,1944583.06382100,0
1755716400000000,16733960.00000000,16862352.00000000,16731202.00000000,16855950.00000000,0.75193600,1755719999999999,12627142.16716200,488,0.40564800,6807770.12237500,0
1755720000000000,16851586.00000000,16875784.00000000,16829767.00000000,16875588.00000000,0.42696900,1755723599999999,7197358.93199500,248,0.24633000,4152069.55714800,0
1755723600000000,16877152.00000000,16894861.00000000,16822904.00000000,16873069.00000000,0.89850100,1755727199999999,15153806.85522200,288,0.65185800,10993009.74220100,0
1755727200000000,16875321.00000000,16913559.00000000,16848973.00000000,16911693.00000000,0.80404800,1755730799999999,13572983.31170000,356,0.47895900,8087265.05986200,0
1755730800000000,16912682.00000000,16914849.00000000,16860314.00000000,16867771.00000000,0.96156800,1755734399999999,16233526.53548500,246,0.68588200,11575160.17347700,0
1755734400000000,16867771.00000000,16904148.00000000,16835908.00000000,16880001.00000000,0.94642300,1755737999999999,15967294.44927200,330,0.51935600,8762346.31734100,0
1755738000000000,16880001.00000000,16944575.00000000,16836312.00000000,16944574.00000000,4.33848800,1755741599999999,73324540.02748000,771,3.97228800,67139061.87621900,0
1755741600000000,16944576.00000000,16960998.00000000,16815060.00000000,16841596.00000000,9.82350500,1755745199999999,165821024.65977700,2068,8.44736700,142585629.57345600,0
1755745200000000,16841173.00000000,16910889.00000000,16839577.00000000,16841259.00000000,7.30285300,1755748799999999,123241090.78008900,1637,5.34920400,90268277.63685200,0
1755748800000000,16840778.00000000,16847763.00000000,16804620.00000000,16804620.00000000,3.71963400,1755752399999999,62585624.73770100,602,2.36427600,39777869.09923800,0
1755752400000000,16804583.00000000,16842858.00000000,16786127.00000000,16839711.00000000,3.67728800,1755755999999999,61845910.54195200,407,2.85816700,48070102.10893600,0
1755756000000000,16839711.00000000,16839711.00000000,16786127.00000000,16824564.00000000,2.09344700,1755759599999999,35175476.25268200,394,0.64320300,10805728.38160600,0
1755759600000000,16821038.00000000,16842530.00000000,16801400.00000000,16839919.00000000,0.54798000,1755763199999999,9216368.56127600,195,0.29168600,4905717.58389700,0
1755763200000000,16841672.00000000,16853750.00000000,16796795.00000000,16796795.00000000,1.03424400,1755766799999999,17401500.54805900,764,0.67310500,11321449.94688300,0
1755766800000000,16796458.00000000,16799217.00000000,16745442.00000000,16769027.00000000,0.91614800,1755770399999999,15371895.34294300,923,0.60360000,10128559.31715900,0
1755770400000000,16768968.00000000,16797536.00000000,16748164.00000000,16779993.00000000,0.60891600,1755773999999999,10214306.24128900,973,0.34033500,5708839.46893100,0
1755774000000000,16780592.00000000,16809627.00000000,16739601.00000000,16761166.00000000,1.04612400,1755777599999999,17543792.56711000,1153,0.65444200,10971858.48141700,0
1755777600000000,16762841.00000000,16779534.00000000,16715952.00000000,16735352.00000000,0.85170200,1755781199999999,14270594.66047300,1377,0.53248600,8923468.00108300,0
1755781200000000,16733678.00000000,16835089.00000000,16730753.00000000,16801583.00000000,2.18958300,1755784799999999,36734806.10940800,2995,0.96761500,16232226.41901900,0
1755784800000000,16801429.00000000,16884130.00000000,16741693.00000000,16802395.00000000,1.54231500,1755788399999999,25961997.36238100,3766,0.78688000,13247441.27669700,0
1755788400000000,16803108.00000000,16818207.00000000,16723704.00000000,16756973.00000000,1.24689600,1755791999999999,20914382.39139600,2898,0.77214400,12949956.13496100,0
1755792000000000,16755597.00000000,16779938.00000000,16685132.00000000,16697885.00000000,0.88724100,1755795599999999,14837379.03940400,1865,0.49151800,8218041.00477600,0
1755795600000000,16689092.00000000,16712676.00000000,16654145.00000000,16691370.00000000,0.46000800,1755799199999999,7671442.58153900,1079,0.26471600,4415510.28950500,0
1755799200000000,16682984.00000000,16727776.00000000,16666075.00000000,16721668.00000000,0.64613200,1755802799999999,10785540.57845700,442,0.35495500,5927482.17153100,0
1755802800000000,16720858.00000000,16740241.00000000,16645000.00000000,16668732.00000000,0.56819000,1755806399999999,9479351.26162600,667,0.17895500,2987428.71875600,0
1755806400000000,16670768.00000000,16769060.00000000,16650630.00000000,16709452.00000000,0.41829600,1755809999999999,6983999.95958900,355,0.29720900,4962758.30889300,0
1755810000000000,16707416.00000000,16739058.00000000,16652458.00000000,16728094.00000000,0.54833900,1755813599999999,9156210.42804600,839,0.27099500,4522231.81105200,0
1755813600000000,16728075.00000000,16742028.00000000,16696571.00000000,16709435.00000000,0.51166100,1755817199999999,8556312.13743900,218,0.32157100,5379283.74457200,0
1755817200000000,16709434.00000000,16715560.00000000,16680131.00000000,16714032.00000000,1.30170900,1755820799999999,21741015.46020500,254,0.56113900,9370427.21633200,0
1755820800000000,16715560.00000000,16758847.00000000,16715560.00000000,16738823.00000000,0.39439500,1755824399999999,6601428.02565000,267,0.30971400,5184469.77139000,0
1755824400000000,16742028.00000000,16787642.00000000,16696904.00000000,16784284.00000000,0.73867500,1755827999999999,12383979.06972500,512,0.37473500,6283370.91778600,0
1755828000000000,16783462.00000000,16872331.00000000,16775466.00000000,16833273.00000000,6.32943800,1755831599999999,106594552.53868800,1932,5.39654600,90882200.43089100,0
1755831600000000,16833055.00000000,16872331.00000000,16810069.00000000,16817351.00000000,1.34983500,1755835199999999,22733447.72820500,1091,0.76720600,12922398.39253200,0
1755835200000000,16817380.00000000,16862997.00000000,16799000.00000000,16815200.00000000,0.96334200,1755838799999999,16222449.17223800,884,0.33806400,5690548.19696600,0
1755838800000000,16815324.00000000,16867426.00000000,16810362.00000000,16864931.00000000,0.89129100,1755842399999999,15004351.21684600,1043,0.44480400,7486714.64076800,0
1755842400000000,16864930.00000000,16873499.00000000,16795388.00000000,16814873.00000000,10.22530800,1755845999999999,171994491.26787800,2627,5.24493500,88232216.94329700,0
1755846000000000,16813191.00000000,16847899.00000000,16799637.00000000,16827646.00000000,6.43919000,1755849599999999,108374875.99842500,1908,1.56375000,26325698.16442700,0
1755849600000000,16827647.00000000,16858079.00000000,16813121.00000000,16820400.00000000,3.86559300,1755853199999999,65077479.44198000,1290,0.64470400,10852619.53465800,0
1755853200000000,16820156.00000000,16843441.00000000,16796032.00000000,16834065.00000000,1.30439300,1755856799999999,21930712.86314000,1011,0.57378800,9646945.71672400,0
1755856800000000,16834131.00000000,16836305.00000000,16756281.00000000,16756310.00000000,1.14871500,1755860399999999,19282091.56615200,946,0.67203000,11277688.69286900,0
1755860400000000,16756314.00000000,16767696.00000000,16698720.00000000,16727839.00000000,1.21422300,1755863999999999,20308616.42561700,411,0.68956300,11532565.23229400,0
1755864000000000,16732436.00000000,16776683.00000000,16625606.00000000,16724777.00000000,4.56733500,1755867599999999,76199165.67012300,1894,1.94555100,32473109.77789200,0
1755867600000000,16730352.00000000,16761531.00000000,16662412.00000000,16740799.00000000,3.42522400,1755871199999999,57265425.99829900,2635,1.89986000,31750027.46784900,0
1755871200000000,16742040.00000000,17084803.00000000,16742040.00000000,17042054.00000000,37.01760500,1755874799999999,626294822.09444200,8901,23.03572100,389615849.31619200,0
1755874800000000,17040479.00000000,17239264.00000000,17040479.00000000,17121214.00000000,6.86419800,1755878399999999,117758171.77543600,2757,4.43319800,76038306.11771900,0
1755878400000000,17128582.00000000,17157443.00000000,17050446.00000000,17056739.00000000,5.32217500,1755881999999999,91034802.57259500,1958,2.16373500,36981691.69849400,0
1755882000000000,17056740.00000000,17171065.00000000,17056740.00000000,17171065.00000000,6.01837700,1755885599999999,103078821.72728200,1816,2.57884300,44171290.36899400,0
1755885600000000,17172130.00000000,17226674.00000000,17152943.00000000,17159456.00000000,4.42685400,1755889199999999,76107763.80488900,882,2.77985900,47793754.87007300,0
1755889200000000,17154254.00000000,17183394.00000000,17129837.00000000,17151150.00000000,0.89393300,1755892799999999,15339778.46932300,419,0.60206000,10333403.77639500,0
1755892800000000,17146954.00000000,17214415.00000000,17137452.00000000,17207522.00000000,1.26104400,1755896399999999,21681810.96140500,400,0.80825000,13895868.68804100,0
1755896400000000,17205397.00000000,17224579.00000000,17178424.00000000,17199404.00000000,0.90129000,1755899999999999,15500247.66466900,448,0.37044000,6371358.21574900,0
1755900000000000,17200756.00000000,17201502.00000000,17122983.00000000,17140184.00000000,2.94126800,1755903599999999,50463609.89882900,655,1.08231100,18557619.12017200,0
1755903600000000,17141929.00000000,17172520.00000000,17132687.00000000,17170580.00000000,1.34498300,1755907199999999,23062295.36949600,450,0.79905800,13700744.28425000,0
1755907200000000,17172130.00000000,17186488.00000000,17146955.00000000,17170155.00000000,3.50111300,1755910799999999,60101723.60306600,547,1.93572300,33225051.89162100,0
1755910800000000,17170153.00000000,17170153.00000000,17073692.00000000,17090640.00000000,2.30996400,1755914399999999,39550960.87532800,740,0.62217900,10651849.01969300,0
1755914400000000,17092711.00000000,17104129.00000000,16934662.00000000,17015610.00000000,3.85789000,1755917999999999,65671199.54883600,1459,1.70964800,29087876.92669900,0
1755918000000000,17014780.00000000,17023086.00000000,16945888.00000000,16960275.00000000,1.77376300,1755921599999999,30139649.09020900,573,0.98810800,16784456.60137600,0
1755921600000000,16960232.00000000,17010577.00000000,16959939.00000000,17010498.00000000,6.44950300,1755925199999999,109529371.50660500,1161,5.47122500,92915257.30919700,0
1755925200000000,17006773.00000000,17038798.00000000,16994711.00000000,17030498.00000000,1.24640700,1755928799999999,21221492.60460400,357,0.93556300,15930613.70717400,0
1755928800000000,17030923.00000000,17036904.00000000,16989572.00000000,17002543.00000000,2.84824000,1755932399999999,48435314.41545400,555,2.13045500,36228195.79906000,0
1755932400000000,16999746.00000000,17022656.00000000,16987332.00000000,17003655.00000000,1.55541800,1755935999999999,26441336.05865900,443,1.36742900,23245038.59708600,0
1755936000000000,17008486.00000000,17015628.00000000,16980244.00000000,16996163.00000000,0.43613500,1755939599999999,7413026.04436900,291,0.39364200,6690691.28115600,0
1755939600000000,16996163.00000000,17003397.00000000,16973665.00000000,16993709.00000000,2.28523300,1755943199999999,38813386.33856800,1022,0.92572300,15724748.68775900,0
1755943200000000,16993710.00000000,16996040.00000000,16970026.00000000,16970026.00000000,1.47335700,1755946799999999,25019524.50474200,424,0.88341000,15000055.88010900,0
1755946800000000,16970025.00000000,16972303.00000000,16916524.00000000,16925856.00000000,0.96894800,1755950399999999,16426641.50158200,461,0.73847900,12517931.04371400,0
1755950400000000,16925856.00000000,16953825.00000000,16910683.00000000,16910683.00000000,1.17032000,1755953999999999,19816981.86972100,446,1.00298900,16984540.09525100,0
1755954000000000,16909546.00000000,16909546.00000000,16845761.00000000,16866112.00000000,2.13332000,1755957599999999,35993857.46791800,869,1.40884800,23762210.25667200,0
1755957600000000,16863684.00000000,16898599.00000000,16833541.00000000,16833541.00000000,0.59098600,1755961199999999,9962696.25583800,424,0.33303500,5613874.18096600,0
1755961200000000,16833541.00000000,16884108.00000000,16826005.00000000,16861800.00000000,0.97533800,1755964799999999,16436335.01418700,434,0.68274500,11501860.28238000,0
1755964800000000,16862307.00000000,16901364.00000000,16844729.00000000,16890938.00000000,1.09949200,1755968399999999,18549262.63433300,289,0.70104300,11828339.72987700,0
1755968400000000,16890938.00000000,16914628.00000000,16886493.00000000,16902720.00000000,0.34884300,1755971999999999,5894991.99085100,342,0.29329900,4956136.25247500,0
1755972000000000,16904408.00000000,16920315.00000000,16900000.00000000,16911222.00000000,0.34051600,1755975599999999,5757854.22479300,752,0.19359800,3273318.10328500,0
1755975600000000,16911222.00000000,16917688.00000000,16897340.00000000,16910687.00000000,0.33657300,1755979199999999,5690067.25351900,504,0.17688200,2990136.63853500,0
1755979200000000,16912281.00000000,16942515.00000000,16910241.00000000,16939396.00000000,0.23954300,1755982799999999,4053941.90362900,495,0.15227700,2577197.44487400,0
1755982800000000,16939396.00000000,16939502.00000000,16897242.00000000,16902438.00000000,0.64995100,1755986399999999,10998541.11862600,618,0.11175200,1889952.63357200,0
1755986400000000,16903802.00000000,16941194.00000000,16903802.00000000,16940347.00000000,0.60300200,1755989999999999,10209276.46986700,528,0.19865000,3363274.65727100,0
1755990000000000,16940419.00000000,16959768.00000000,16933706.00000000,16959768.00000000,0.37839000,1755993599999999,6412959.53089900,282,0.23353000,3958184.63980600,0
1755993600000000,16960027.00000000,16988251.00000000,16947785.00000000,16963347.00000000,2.27293700,1755997199999999,38559492.09516300,864,1.59156800,26998917.87080800,0
1755997200000000,16962284.00000000,16992039.00000000,16941657.00000000,16978038.00000000,3.94171500,1756000799999999,66846928.56153800,903,0.42610300,7229816.96108000,0
1756000800000000,16977827.00000000,17002664.00000000,16909092.00000000,16909092.00000000,1.67347800,1756004399999999,28361141.18862800,857,0.51888100,8802995.29216200,0
1756004400000000,16908901.00000000,16931508.00000000,16901676.00000000,16914189.00000000,0.65600900,1756007999999999,11096459.11044700,909,0.47438800,8024302.70869900,0
1756008000000000,16914247.00000000,16943448.00000000,16914247.00000000,16930168.00000000,0.84007000,1756011599999999,14219601.19999900,601,0.58054900,9824588.44250400,0
1756011600000000,16928474.00000000,16937006.00000000,16899860.00000000,16909779.00000000,0.31364300,1756015199999999,5305506.18766200,570,0.15116700,2556476.04198300,0
1756015200000000,16909779.00000000,16920102.00000000,16888089.00000000,16889532.00000000,0.49952300,1756018799999999,8444613.22808200,755,0.12128400,2049928.32015700,0
1756018800000000,16891220.00000000,16922087.00000000,16891220.00000000,16893095.00000000,0.20497400,1756022399999999,3464574.76223600,638,0.13980700,2363052.88647300,0
1756022400000000,16893173.00000000,16901425.00000000,16874988.00000000,16883416.00000000,0.50431400,1756025999999999,8514653.10449300,759,0.26489900,4472855.35784800,0
1756026000000000,16884616.00000000,16909284.00000000,16860253.00000000,16878756.00000000,1.18465300,1756029599999999,20001717.76533400,475,0.18701800,3154897.87048200,0
1756029600000000,16876872.00000000,16902418.00000000,16848719.00000000,16882139.00000000,0.88910800,1756033199999999,15000569.16286000,418,0.55540000,9368458.81408600,0
1756033200000000,16878756.00000000,16894931.00000000,16858260.00000000,16875009.00000000,0.43891200,1756036799999999,7404681.79171400,374,0.24146600,4073590.25700400,0
1756036800000000,16873104.00000000,16886804.00000000,16859328.00000000,16868059.00000000,0.33908200,1756040399999999,5721446.43621800,163,0.14085600,2376700.96149300,0
1756040400000000,16865973.00000000,16893828.00000000,16853910.00000000,16854333.00000000,0.55585100,1756043999999999,9376236.24257500,314,0.41735700,7040241.44877100,0
1756044000000000,16853507.00000000,16859866.00000000,16816584.00000000,16842960.00000000,0.65525200,1756047599999999,11032251.32536400,396,0.51889900,8736425.88632600,0
1756047600000000,16841076.00000000,16886283.00000000,16825001.00000000,16825001.00000000,2.60231500,1756051199999999,43842325.08329000,709,1.10643800,18632937.59563500,0
1756051200000000,16825000.00000000,16843371.00000000,16793862.00000000,16795755.00000000,0.94539800,1756054799999999,15899409.78069600,368,0.67524500,11357458.82038400,0
1756054800000000,16795754.00000000,16833540.00000000,16790209.00000000,16801910.00000000,5.63389500,1756058399999999,94704052.61327000,2180,2.56648800,43137571.84355600,0
1756058400000000,16801910.00000000,16861148.00000000,16790347.00000000,16818469.00000000,5.87537600,1756061999999999,98884401.21224100,1168,3.79729800,63915983.19179900,0
1756062000000000,16819138.00000000,16841223.00000000,16290953.00000000,16552972.00000000,20.82727800,1756065599999999,345199869.36744600,10813,11.65319100,193337730.49031600,0
1756065600000000,16550100.00000000,16611416.00000000,16427941.00000000,16584464.00000000,7.71552800,1756069199999999,127593201.56985200,6767,4.26953000,70613641.27581900,0
1756069200000000,16583372.00000000,16669274.00000000,16532669.00000000,16622052.00000000,3.80355000,1756072799999999,63154439.83123400,3049,2.00332300,33253937.85145000,0
1756072800000000,16622053.00000000,16705747.00000000,16566497.00000000,16705747.00000000,3.64005200,1756076399999999,60483212.34589500,3517,1.93653300,32173563.14236500,0
1756076400000000,16699011.00000000,16759651.00000000,16693022.00000000,16730711.00000000,1.35960300,1756079999999999,22740182.34811700,2023,0.71870100,12018798.72766000,0
1756080000000000,16729722.00000000,16746176.00000000,16562005.00000000,16622646.00000000,3.88928400,1756083599999999,64817088.35833600,4700,2.04589500,34086283.44847400,0
1756083600000000,16624892.00000000,16690800.00000000,16609998.00000000,16690667.00000000,3.03991100,1756087199999999,50633913.52942900,2671,1.54571800,25739246.16455900,0
1756087200000000,16686798.00000000,16770598.00000000,16686798.00000000,16738035.00000000,1.77713400,1756090799999999,29726976.23765000,1539,0.92792600,15518720.26054700,0
1756090800000000,16738085.00000000,16752791.00000000,16529584.00000000,16653001.00000000,8.78767300,1756094399999999,146661491.67993800,2311,1.44014800,24077458.30428500,0
1756094400000000,16653001.00000000,16674000.00000000,16612013.00000000,16628675.00000000,2.78031400,1756097999999999,46255640.59025100,2292,1.56591700,26049209.73550000,0
1756098000000000,16629462.00000000,16641616.00000000,16573200.00000000,16576815.00000000,5.48982500,1756101599999999,91227439.00184300,1691,3.46516700,57584779.84911900,0
1756101600000000,16573884.00000000,16581600.00000000,16468201.00000000,16491301.00000000,5.10710300,1756105199999999,84395937.37818100,2957,2.83291800,46817615.70386200,0
1756105200000000,16491301.00000000,16529099.00000000,16410958.00000000,16453499.00000000,4.91449300,1756108799999999,80949905.93703600,4285,2.66950400,43974714.02844000,0
1756108800000000,16445101.00000000,16489200.00000000,16371600.00000000,16435694.00000000,4.65660700,1756112399999999,76572793.52745900,4271,2.81378600,46279857.71163400,0
1756112400000000,16434601.00000000,16496772.00000000,16407300.00000000,16491301.00000000,5.72656800,1756115999999999,94156343.96014700,3644,4.20190200,69070536.73182700,0
1756116000000000,16491300.00000000,16493398.00000000,16375801.00000000,16382101.00000000,4.28116700,1756119599999999,70355754.35994500,5281,2.30782600,37919205.70096500,0
1756119600000000,16382101.00000000,16417046.00000000,16374752.00000000,16405688.00000000,3.29195000,1756123199999999,53976523.33034000,5644,2.01942300,33111243.70245700,0
1756123200000000,16405849.00000000,16476108.00000000,16387741.00000000,16463349.00000000,3.18873200,1756126799999999,52431065.78263400,3821,1.86909500,30727926.82566200,0
1756126800000000,16463760.00000000,16498498.00000000,16320871.00000000,16447233.00000000,6.08849200,1756130399999999,100003466.76153000,14774,3.23893100,53189710.59842200,0
1756130400000000,16448312.00000000,16583930.00000000,16420321.00000000,16582005.00000000,3.66181300,1756133999999999,60478651.98801800,12129,1.88425900,31126369.60838000,0
1756134000000000,16585747.00000000,16617199.00000000,16519428.00000000,16582232.00000000,2.21391500,1756137599999999,36724121.38737200,8606,1.25991800,20898240.50252900,0
1756137600000000,16585564.00000000,16684617.00000000,16562777.00000000,16624664.00000000,1.85020200,1756141199999999,30776919.60716000,6435,1.07898400,17947629.48323400,0
1756141200000000,16622731.00000000,16657160.00000000,16570513.00000000,16607259.00000000,1.11428100,1756144799999999,18522608.98607300,5627,0.45114200,7494927.66269000,0
1756144800000000,16613060.00000000,16647711.00000000,16591732.00000000,16635635.00000000,0.74065400,1756148399999999,12315875.18618900,3541,0.35141600,5842738.33402900,0
1756148400000000,16630466.00000000,16630466.00000000,16386783.00000000,16389678.00000000,3.03568100,1756151999999999,50086794.40083100,10265,1.65500500,27298952.60296100,0
1756152000000000,16389678.00000000,16441641.00000000,16193383.00000000,16210789.00000000,12.88650100,1756155599999999,209972836.14713000,30670,6.79407800,110715617.18026100,0
1756155600000000,16210789.00000000,16313289.00000000,16175977.00000000,16258365.00000000,5.40384100,1756159199999999,87739503.48854600,15575,3.32200900,53933036.86014400,0
1756159200000000,16262707.00000000,16359706.00000000,16262707.00000000,16307317.00000000,5.66999900,1756162799999999,92422231.94042400,6078,4.35966700,71036932.42050100,0
1756162800000000,16301686.00000000,16321025.00000000,16257205.00000000,16303419.00000000,3.17455100,1756166399999999,51682771.75368600,5243,2.11040900,34350125.69878000,0
1756166400000000,16301686.00000000,16301686.00000000,16037519.00000000,16065738.00000000,10.26895100,1756169999999999,165802135.03845900,20317,5.16179200,83347523.17253400,0
1756170000000000,16065462.00000000,16218384.00000000,16007720.00000000,16216590.00000000,8.42178700,1756173599999999,135980376.44220400,11751,4.34243900,70136031.75473300,0
1756173600000000,16215888.00000000,16239692.00000000,16186203.00000000,16212723.00000000,2.56303000,1756177199999999,41554996.02504900,5173,1.16733700,18922584.20275400,0
1756177200000000,16217937.00000000,16268807.00000000,16190485.00000000,16266874.00000000,1.28708500,1756180799999999,20902125.77281200,4345,0.69809700,11333386.45588700,0
1756180800000000,16268808.00000000,16321025.00000000,16268808.00000000,16307735.00000000,2.62999400,1756184399999999,42870670.77245600,2385,1.66386600,27121067.83195600,0
1756184400000000,16307489.00000000,16340365.00000000,16304018.00000000,16320954.00000000,4.16390700,1756187999999999,67932400.88337800,1729,3.46465700,56515886.64070200,0
1756188000000000,16320001.00000000,16340365.00000000,16267708.00000000,16288421.00000000,1.79350400,1756191599999999,29221339.76051300,4544,0.99225400,16162909.49375400,0
1756191600000000,16286559.00000000,16346001.00000000,16252589.00000000,16319092.00000000,3.17372700,1756195199999999,51695617.29228200,4137,2.02815600,33032577.24756500,0
1756195200000000,16320890.00000000,16325030.00000000,16260001.00000000,16281287.00000000,3.84861500,1756198799999999,62672790.13735500,3689,3.01370300,49070196.28180900,0
1756198800000000,16281287.00000000,16320707.00000000,16266054.00000000,16279571.00000000,0.95229100,1756202399999999,15518161.26144700,2395,0.54232000,8839142.75726300,0
1756202400000000,16279572.00000000,16322422.00000000,16264147.00000000,16293647.00000000,3.22360000,1756205999999999,52552107.20731800,2067,2.37734400,38759138.37237600,0
1756206000000000,16294726.00000000,16295481.00000000,16183589.00000000,16224425.00000000,5.15489400,1756209599999999,83644636.76618600,3259,4.38298600,71123304.66671300,0
1756209600000000,16224489.00000000,16356702.00000000,16183017.00000000,16284714.00000000,8.06268000,1756213199999999,131104525.55247600,8913,5.55823100,90371638.60392700,0
1756213200000000,16281286.00000000,16302144.00000000,16174339.00000000,16265816.00000000,4.80903300,1756216799999999,78120202.14354200,15320,3.26070300,52961513.44325800,0
1756216800000000,16269288.00000000,16327538.00000000,16234139.00000000,16304493.00000000,4.62293300,1756220399999999,75284184.87605000,13332,2.65811700,43285693.39124200,0
1756220400000000,16302065.00000000,16319070.00000000,16168266.00000000,16185419.00000000,2.18042800,1756223999999999,35402891.98025200,6239,1.37615300,22347489.61702400,0
1756224000000000,16187899.00000000,16244279.00000000,16140739.00000000,16244279.00000000,3.19336800,1756227599999999,51639176.51681800,4399,1.36050000,22008328.75887400,0
1756227600000000,16245292.00000000,16255225.00000000,16170000.00000000,16224724.00000000,1.15433100,1756231199999999,18707720.83196100,3985,0.67906000,11006509.52286700,0
1756231200000000,16226437.00000000,16380693.00000000,16226437.00000000,16337312.00000000,2.30653500,1756234799999999,37620980.15962800,3894,0.91863000,14964178.56565900,0
1756234800000000,16334605.00000000,16401266.00000000,16310425.00000000,16400266.00000000,1.77898100,1756238399999999,29128842.26081100,4437,0.93671900,15336260.12259400,0
1756238400000000,16400790.00000000,16438973.00000000,16375497.00000000,16432118.00000000,1.96695700,1756241999999999,32284009.27376600,2704,0.88328100,14497250.38922200,0
1756242000000000,16430405.00000000,16468112.00000000,16404695.00000000,16468112.00000000,1.58491800,1756245599999999,26030215.63067900,1798,0.63012000,10353403.66644000,0
1756245600000000,16469826.00000000,16526613.00000000,16469826.00000000,16520321.00000000,1.74025600,1756249199999999,28707684.21744000,3222,1.22121900,20144918.02282000,0
1756249200000000,16521005.00000000,16589737.00000000,16498964.00000000,16502122.00000000,2.36536700,1756252799999999,39135218.47326100,3309,0.78606500,13003694.94277900,0
1756252800000000,16500929.00000000,16510830.00000000,16450972.00000000,16454670.00000000,3.11068600,1756256399999999,51263486.28520300,2385,2.24314100,36955381.14792400,0
1756256400000000,16454670.00000000,16464684.00000000,16433833.00000000,16457779.00000000,2.18068600,1756259999999999,35867425.52706700,1650,0.67538700,11106432.37703800,0
1756260000000000,16457801.00000000,16488680.00000000,16445830.00000000,16449512.00000000,1.99661100,1756263599999999,32887884.68538300,2019,0.91334200,15043272.80974900,0
1756263600000000,16448707.00000000,16540879.00000000,16423548.00000000,16497251.00000000,3.19085600,1756267199999999,52571514.38072400,3571,1.94947800,32105059.67197800,0
1756267200000000,16497251.00000000,16545241.00000000,16496904.00000000,16541545.00000000,4.04776100,1756270799999999,66916029.49527700,2800,1.90397200,31473015.99920800,0
1756270800000000,16538485.00000000,16548669.00000000,16492109.00000000,16492210.00000000,4.33765600,1756274399999999,71661425.00536100,1458,2.73638800,45208935.90635400,0
1756274400000000,16494040.00000000,16494040.00000000,16433262.00000000,16433263.00000000,4.38417700,1756277999999999,72218281.32932900,1737,3.36268100,55401458.40836400,0
1756278000000000,16433201.00000000,16443557.00000000,16380958.00000000,16389268.00000000,3.26455800,1756281599999999,53593826.28780700,2325,1.72584300,28327824.67378100,0
1756281600000000,16390982.00000000,16407368.00000000,16353275.00000000,16402686.00000000,4.88395400,1756285199999999,80059054.03253900,2438,3.75997800,61634905.86839400,0
1756285200000000,16402979.00000000,16461255.00000000,16400839.00000000,16423580.00000000,1.63223900,1756288799999999,26821100.45865800,1728,0.84189400,13834058.05675200,0
1756288800000000,16423581.00000000,16486965.00000000,16423581.00000000,16469313.00000000,2.57145100,1756292399999999,42312738.53122200,1816,1.77684600,29228432.33113100,0
1756292400000000,16469313.00000000,16522495.00000000,16469313.00000000,16519415.00000000,1.32139000,1756295999999999,21809117.13937600,1925,1.02461000,16912489.22297500,0
1756296000000000,16519410.00000000,16524712.00000000,16462623.00000000,16511643.00000000,1.50436500,1756299599999999,24816645.89582300,3453,1.04006700,17156439.49520800,0
1756299600000000,16509200.00000000,16584543.00000000,16462797.00000000,16534257.00000000,4.35497500,1756303199999999,72002793.58984900,9921,1.98187100,32751311.58599700,0
1756303200000000,16535792.00000000,16677427.00000000,16504769.00000000,16555234.00000000,4.24114400,1756306799999999,70423205.80844800,11823,2.31047100,38336770.05281900,0
1756306800000000,16553147.00000000,16575667.00000000,16500000.00000000,16569031.00000000,4.25576900,1756310399999999,70431531.01368500,6165,1.74443100,28863776.55925500,0
1756310400000000,16569030.00000000,16581189.00000000,16482609.00000000,16550379.00000000,1.61766000,1756313999999999,26753631.08452300,4727,0.99350200,16427671.07238300,0
1756314000000000,16550539.00000000,16591192.00000000,16512384.00000000,16576062.00000000,1.71412100,1756317599999999,28381348.83088500,3923,1.07108000,17735254.62339200,0
1756317600000000,16571448.00000000,16617783.00000000,16518065.00000000,16518065.00000000,1.62371800,1756321199999999,26922233.53048400,2669,0.88147300,14616947.04966700,0
1756321200000000,16520417.00000000,16560167.00000000,16475960.00000000,16549341.00000000,1.67464300,1756324799999999,27669616.48652200,3866,0.36123200,5966340.18528300,0
1756324800000000,16546123.00000000,16589018.00000000,16384326.00000000,16589018.00000000,8.09367900,1756328399999999,133568770.41903300,14291,4.10800100,67770678.52183300,0
1756328400000000,16589018.00000000,16593407.00000000,16429424.00000000,16451584.00000000,2.23556700,1756331999999999,36885743.90243900,4196,1.31357600,21680207.90626700,0
1756332000000000,16450868.00000000,16453566.00000000,16385105.00000000,16427211.00000000,1.55223200,1756335599999999,25479949.55363300,4786,0.67374400,11056330.51487300,0
1756335600000000,16427208.00000000,16444628.00000000,16386002.00000000,16407924.00000000,0.89932600,1756339199999999,14759854.95436400,2893,0.50545200,8298582.91636000,0
1756339200000000,16405668.00000000,16462699.00000000,16371505.00000000,16432422.00000000,8.05597300,1756342799999999,132446573.83642500,4792,6.69034200,110007638.92872500,0
1756342800000000,16432423.00000000,16502551.00000000,16428514.00000000,16492073.00000000,7.69132700,1756346399999999,126585407.16869700,2884,5.94795100,97881160.34916600,0
1756346400000000,16492073.00000000,16500335.00000000,16454891.00000000,16460784.00000000,9.33820800,1756349999999999,153878624.63685000,2860,6.25052300,102995300.90974300,0
1756350000000000,16460783.00000000,16523424.00000000,16444937.00000000,16511417.00000000,5.74745600,1756353599999999,94891826.33179800,2567,4.29162400,70850730.09078700,0
1756353600000000,16511417.00000000,16677098.00000000,16506985.00000000,16650732.00000000,3.63831600,1756357199999999,60390410.69803500,3260,1.69930100,28199716.09694900,0
1756357200000000,16654011.00000000,16682047.00000000,16620001.00000000,16637729.00000000,3.19880500,1756360799999999,53244609.65225300,3905,1.08164700,18009088.93817900,0
1756360800000000,16637729.00000000,16719719.00000000,16613352.00000000,16710887.00000000,4.31774800,1756364399999999,71886182.58697300,2118,1.90338700,31686644.95487100,0
1756364400000000,16710885.00000000,16733015.00000000,16693129.00000000,16695345.00000000,4.93216100,1756367999999999,82456162.37924500,2941,4.25009600,71051671.88783600,0
1756368000000000,16695345.00000000,16724152.00000000,16673185.00000000,16687299.00000000,7.45752800,1756371599999999,124539150.99940900,2024,6.09026200,101701605.59965900,0
1756371600000000,16687289.00000000,16687289.00000000,16644759.00000000,16644760.00000000,8.82081700,1756375199999999,146991738.02162500,1356,5.95843100,99300450.41039000,0
1756375200000000,16644839.00000000,16669700.00000000,16630396.00000000,16653240.00000000,8.89751800,1756378799999999,148182700.67470400,1298,6.14017300,102263452.70636600,0
1756378800000000,16655455.00000000,16657671.00000000,16604603.00000000,16619077.00000000,2.01499700,1756382399999999,33513605.13541000,971,0.62342800,10366737.06322600,0
1756382400000000,16619077.00000000,16701556.00000000,16604420.00000000,16690196.00000000,4.40431800,1756385999999999,73337827.82940100,3095,2.03891900,33966295.52969900,0
1756386000000000,16693775.00000000,16724327.00000000,16583134.00000000,16614780.00000000,2.98848800,1756389599999999,49754942.99059500,8741,1.50877300,25122328.69030300,0
1756389600000000,16616928.00000000,16672408.00000000,16561081.00000000,16647001.00000000,7.16816800,1756393199999999,119209534.62775800,7797,5.66718800,94249080.99818200,0
1756393200000000,16647000.00000000,16665659.00000000,16541749.00000000,16588816.00000000,3.41099200,1756396799999999,56616384.70654400,6037,1.97530600,32778350.58701600,0
1756396800000000,16588816.00000000,16652026.00000000,16526712.00000000,16526712.00000000,2.94146400,1756400399999999,48838899.04154200,4264,2.24178300,37228597.74317300,0
1756400400000000,16523456.00000000,16550339.00000000,16492345.00000000,16518121.00000000,1.43265800,1756403999999999,23669030.55075200,3746,0.80544100,13305621.12698200,0
1756404000000000,16524558.00000000,16570959.00000000,16498789.00000000,16520021.00000000,1.92798900,1756407599999999,31869114.08981500,2022,1.29348700,21382955.01356400,0
1756407600000000,16520019.00000000,16546043.00000000,16462272.00000000,16462272.00000000,1.45176100,1756411199999999,23954825.51949400,2771,0.60327800,9957044.64682900,0
1756411200000000,16460125.00000000,16488047.00000000,16453681.00000000,16464420.00000000,1.37741600,1756414799999999,22685090.41245600,1717,0.56933100,9374689.25614200,0
1756414800000000,16463154.00000000,16491315.00000000,16460125.00000000,16479457.00000000,1.01440600,1756418399999999,16711876.58980700,1012,0.76663700,12630636.66284100,0
1756418400000000,16479457.00000000,16566410.00000000,16479457.00000000,16550717.00000000,1.57561200,1756421999999999,26063365.03324500,1644,0.87242400,14427875.87338000,0
1756422000000000,16548442.00000000,16559393.00000000,16533214.00000000,16556917.00000000,1.57409100,1756425599999999,26048772.12167900,2575,1.17831600,19498393.12215500,0
1756425600000000,16556908.00000000,16569671.00000000,16492345.00000000,16496403.00000000,2.60966900,1756429199999999,43164457.75596600,3412,1.65815600,27428217.14607500,0
1756429200000000,16498787.00000000,16506761.00000000,16397833.00000000,16415016.00000000,5.77184600,1756432799999999,94876573.21982400,3901,2.63250400,43262973.35941000,0
1756432800000000,16412868.00000000,16449383.00000000,16395685.00000000,16397364.00000000,1.77057200,1756436399999999,29063920.74471100,2699,1.12978600,18538475.60328300,0
1756436400000000,16395685.00000000,16465696.00000000,16386702.00000000,16462114.00000000,5.61245300,1756439999999999,92204535.69837600,2707,4.26623700,70088451.76855100,0
1756440000000000,16459470.00000000,16481603.00000000,16414736.00000000,16421460.00000000,9.48332400,1756443599999999,156018081.39955900,3263,6.53831100,107576363.32573100,0
1756443600000000,16421460.00000000,16432194.00000000,16380649.00000000,16408522.00000000,10.23213600,1756447199999999,167787452.91381100,2486,7.24800800,118847511.16509600,0
1756447200000000,16408377.00000000,16417104.00000000,16359610.00000000,16416990.00000000,4.37638700,1756450799999999,71692222.00244000,1351,3.54582800,58084074.98093800,0
1756450800000000,16416990.00000000,16418325.00000000,16199995.00000000,16213456.00000000,10.60048900,1756454399999999,172518748.10520200,4481,6.61418300,107682127.96610600,0
1756454400000000,16213456.00000000,16245323.00000000,16143282.00000000,16146517.00000000,6.94048600,1756457999999999,112469895.58942700,7960,3.53609500,57312340.46520900,0
1756458000000000,16146516.00000000,16204511.00000000,16120740.00000000,16186122.00000000,6.85378500,1756461599999999,110827008.46717200,2395,4.57428900,73973597.15771800,0
1756461600000000,16185180.00000000,16232221.00000000,16184640.00000000,16229543.00000000,1.08842500,1756465199999999,17644642.02875600,945,0.52253600,8469459.80915200,0
1756465200000000,16229343.00000000,16256062.00000000,16215253.00000000,16247472.00000000,1.78261800,1756468799999999,28942855.30646000,1061,1.03181100,16750571.51485400,0
1756468800000000,16247888.00000000,16445803.00000000,16247888.00000000,16345533.00000000,5.19242500,1756472399999999,84917004.99931700,4399,3.00863300,49195415.36435800,0
1756472400000000,16343061.00000000,16346860.00000000,16062744.00000000,16082258.00000000,7.38477000,1756475999999999,119692101.94046000,8042,3.79418100,61469954.26032700,0
1756476000000000,16088504.00000000,16144159.00000000,15918828.00000000,15925317.00000000,7.44194700,1756479599999999,119176837.16340100,4657,3.74998600,60050095.76029400,0
1756479600000000,15927402.00000000,16006895.00000000,15927402.00000000,15970496.00000000,2.20734600,1756483199999999,35248708.41021100,1157,0.72952400,11647183.70592200,0
1756483200000000,15969643.00000000,16024930.00000000,15927642.00000000,16010897.00000000,2.71808000,1756486799999999,43461416.25547000,943,2.18927700,35000916.79040400,0
1756486800000000,16009438.00000000,16009438.00000000,15932682.00000000,15974850.00000000,1.27953400,1756490399999999,20439412.83521400,848,0.62700500,10015407.61284300,0
1756490400000000,15973953.00000000,15978780.00000000,15921075.00000000,15927239.00000000,1.38851600,1756493999999999,22128980.69752800,674,0.78287400,12475198.44255700,0
1756494000000000,15927105.00000000,16016383.00000000,15907410.00000000,15931032.00000000,1.83132500,1756497599999999,29214923.85667700,692,0.59525800,9506673.25407100,0
1756497600000000,15941130.00000000,15941692.00000000,15844193.00000000,15882120.00000000,1.46085400,1756501199999999,23193814.83661100,690,0.78189100,12412032.95857600,0
1756501200000000,15880434.00000000,15974728.00000000,15836598.00000000,15974728.00000000,1.02281500,1756504799999999,16281066.89804600,604,0.57113300,9089509.12190900,0
1756504800000000,15974850.00000000,15976536.00000000,15947874.00000000,15968106.00000000,0.33484900,1756508399999999,5344770.42342200,223,0.27927900,4457897.39559800,0
1756508400000000,15969792.00000000,15998897.00000000,15968106.00000000,15975407.00000000,1.37286500,1756511999999999,21938118.85477700,383,1.12298200,17944574.58122800,0
1756512000000000,15978221.00000000,15978221.00000000,15942818.00000000,15957906.00000000,1.72136600,1756515599999999,27464724.91208400,390,1.18777200,18947722.14028700,0
1756515600000000,15957775.00000000,15966376.00000000,15821826.00000000,15829687.00000000,1.52274700,1756519199999999,24201414.43423800,445,0.53466700,8503359.01129200,0
1756519200000000,15838744.00000000,15907232.00000000,15831540.00000000,15888866.00000000,1.75084000,1756522799999999,27810045.18356600,424,1.04260100,16556317.19630800,0
1756522800000000,15888865.00000000,15976261.00000000,15888865.00000000,15973350.00000000,2.71241000,1756526399999999,43280968.62566300,509,1.18343800,18885809.69663000,0
1756526400000000,15973349.00000000,16005198.00000000,15969792.00000000,15983280.00000000,1.49176600,1756529999999999,23849201.21169000,437,0.72295100,11557073.01229900,0
1756530000000000,15984481.00000000,15985441.00000000,15939391.00000000,15967191.00000000,1.29624200,1756533599999999,20697346.49360100,324,0.91019600,14534024.92389600,0
1756533600000000,15968627.00000000,15995082.00000000,15954619.00000000,15968363.00000000,1.82339000,1756537199999999,29114648.92101600,332,1.52803000,24395627.64043400,0
1756537200000000,15971477.00000000,15990300.00000000,15939291.00000000,15990300.00000000,2.55269500,1756540799999999,40755438.05527200,443,1.79681100,28687577.68740900,0
1756540800000000,15990356.00000000,16025429.00000000,15990299.00000000,15997625.00000000,0.97101900,1756544399999999,15540253.90169800,269,0.72718200,11637587.21216800,0
1756544400000000,15997687.00000000,16003511.00000000,15986652.00000000,15992788.00000000,0.59996100,1756547999999999,9596572.55722600,271,0.44593300,7133041.85365900,0
1756548000000000,15993025.00000000,16018475.00000000,15981622.00000000,15983384.00000000,0.60306100,1756551599999999,9645279.29407300,220,0.40810600,6526255.53184400,0
1756551600000000,15983281.00000000,16018539.00000000,15983281.00000000,16018539.00000000,0.54215400,1756555199999999,8672723.26046200,141,0.44148700,7062779.12832100,0
1756555200000000,16018368.00000000,16018368.00000000,15978223.00000000,16008495.00000000,2.23824500,1756558799999999,35792171.58783500,356,0.93884500,15012584.25906600,0
1756558800000000,16008486.00000000,16008568.00000000,15952932.00000000,15993241.00000000,1.13148600,1756562399999999,18083268.95788200,285,0.61144900,9771781.17161800,0
1756562400000000,15990611.00000000,16019260.00000000,15982654.00000000,16012974.00000000,0.86938000,1756565999999999,13905796.83539400,229,0.35940800,5748228.75452200,0
1756566000000000,16013044.00000000,16048575.00000000,16000141.00000000,16042817.00000000,0.70941600,1756569599999999,11369140.76930000,288,0.30491700,4885951.24254300,0
1756569600000000,16042454.00000000,16043884.00000000,16021242.00000000,16038918.00000000,0.47239100,1756573199999999,7572551.20262700,169,0.27384500,4388868.15755900,0
1756573200000000,16038924.00000000,16045661.00000000,16013647.00000000,16030488.00000000,0.59955600,1756576799999999,9609768.32353800,183,0.27714300,4439046.64007600,0
1756576800000000,16032116.00000000,16038153.00000000,16010257.00000000,16028800.00000000,0.36236900,1756580399999999,5807235.88421600,136,0.16895900,2707882.05553200,0
1756580400000000,16025366.00000000,16043878.00000000,16013657.00000000,16038920.00000000,0.34765600,1756583999999999,5571650.86536500,122,0.10817100,1734160.71295900,0
1756584000000000,16035547.00000000,16035547.00000000,16006291.00000000,16010286.00000000,0.26165600,1756587599999999,4192053.10781800,120,0.15069300,2413907.60720500,0
1756587600000000,16010283.00000000,16013617.00000000,15989756.00000000,16000905.00000000,0.64465400,1756591199999999,10314571.71042700,209,0.31889000,5101598.07333800,0
1756591200000000,16000919.00000000,16000919.00000000,15986977.00000000,15996684.00000000,0.22644900,1756594799999999,3621989.33343700,86,0.02780700,444711.62069200,0
1756594800000000,15996578.00000000,16032155.00000000,15995220.00000000,16032135.00000000,0.65718500,1756598399999999,10524511.18940400,219,0.56936100,9117568.57054700,0
1756598400000000,16032173.00000000,16119581.00000000,16032173.00000000,16116515.00000000,1.81622200,1756601999999999,29203151.74233100,595,1.38469200,22270005.46425700,0
1756602000000000,16116614.00000000,16129551.00000000,16089499.00000000,16127730.00000000,1.97712700,1756605599999999,31848733.87601400,541,1.39055300,22396662.39123300,0
1756605600000000,16127730.00000000,16127868.00000000,16095674.00000000,16098477.00000000,0.83498800,1756609199999999,13453319.84868800,305,0.49469100,7969855.32915000,0
1756609200000000,16098625.00000000,16119845.00000000,16092237.00000000,16095821.00000000,2.18518500,1756612799999999,35203991.30470500,373,1.08901900,17544039.61610400,0
1756612800000000,16095988.00000000,16096699.00000000,16018920.00000000,16034302.00000000,2.32423300,1756616399999999,37326307.04779000,504,0.90736700,14556282.14850800,0
1756616400000000,16032814.00000000,16038774.00000000,16015315.00000000,16038774.00000000,7.39546100,1756619999999999,118488746.53016900,537,6.33977600,101567765.33959800,0
1756620000000000,16038652.00000000,16043244.00000000,16009293.00000000,16033748.00000000,2.18335500,1756623599999999,34999006.43609800,355,1.42300100,22813180.60225100,0
1756623600000000,16032859.00000000,16047347.00000000,16028842.00000000,16033227.00000000,1.95239200,1756627199999999,31311969.65361500,591,1.49100400,23911700.30168100,0
1756627200000000,16033239.00000000,16078726.00000000,16030654.00000000,16076421.00000000,0.75218000,1756630799999999,12076083.63974800,1273,0.41455200,6655987.57905700,0
1756630800000000,16076421.00000000,16087247.00000000,15994289.00000000,16000123.00000000,1.35522100,1756634399999999,21747223.50422300,1305,0.74912100,12013215.32020100,0
1756634400000000,15999996.00000000,16009559.00000000,15968146.00000000,16002985.00000000,1.29969100,1756637999999999,20781145.62700200,1134,0.73059200,11683544.94629600,0
1756638000000000,16002481.00000000,16008352.00000000,15969741.00000000,15976860.00000000,1.44416200,1756641599999999,23083808.92871600,1038,0.63899100,10212393.55898300,0
1756641600000000,15975383.00000000,15980951.00000000,15956304.00000000,15960153.00000000,2.47501500,1756645199999999,39528355.69963100,1141,1.25084700,19976597.40963400,0
1756645200000000,15957001.00000000,15968704.00000000,15936085.00000000,15965668.00000000,1.84004100,1756648799999999,29353929.22102900,1157,0.83008200,13242730.73262300,0
1756648800000000,15965655.00000000,15979327.00000000,15945253.00000000,15970007.00000000,1.33956800,1756652399999999,21381135.89257700,1043,0.92843500,14819118.47839500,0
1756652400000000,15969784.00000000,16028301.00000000,15968977.00000000,16025429.00000000,2.51808700,1756655999999999,40279366.85031100,1135,1.46114100,23373638.91819400,0
1756656000000000,16023579.00000000,16049459.00000000,15984547.00000000,16040517.00000000,2.62293400,1756659599999999,42027228.89242900,1251,1.93307300,30972625.11273100,0
1756659600000000,16040517.00000000,16054092.00000000,16032175.00000000,16054092.00000000,0.71962800,1756663199999999,11545141.08634100,952,0.46695300,7491076.29711100,0
1756663200000000,16054092.00000000,16085161.00000000,16044603.00000000,16071624.00000000,0.68806200,1756666799999999,11051593.88097500,949,0.46212300,7422120.35049100,0
1756666800000000,16071624.00000000,16079308.00000000,16038288.00000000,16040538.00000000,0.54882100,1756670399999999,8812706.91810200,934,0.21634500,3474169.18792000,0
1756670400000000,16042289.00000000,16068524.00000000,16033861.00000000,16066966.00000000,0.91720700,1756673999999999,14729848.92798200,1024,0.29454500,4728770.63616000,0
1756674000000000,16066049.00000000,16069194.00000000,16045663.00000000,16059149.00000000,1.17047700,1756677599999999,18797835.88457600,1099,0.39383300,6323923.91144300,0
1756677600000000,16059150.00000000,16090562.00000000,16023744.00000000,16044834.00000000,0.75434500,1756681199999999,12108858.63786500,1385,0.37035700,5944556.39714800,0
1756681200000000,16044834.00000000,16050718.00000000,15931047.00000000,15955292.00000000,1.94644500,1756684799999999,31092615.57505100,3590,0.90222400,14407385.00940300,0
